338316	Bütün insanlar hür, haysiyet ve haklar bakımından eşit doğarlar. Akıl ve vicdana sahiptirler ve birbirlerine karşı kardeşlik zihniyeti ile hareket etmelidirler.	348677	Wszystkie istoty ludzkie rodzą się wolne i równe w godności i prawach. Są one obdarzone rozumem i sumieniem oraz powinny postępować w stosunku do siebie wzajemnie w duchu braterstwa.
349063	Bilmiyorum.	348673	Nie wiem.
349066	Mum kendiliğinden söndü.	349072	Świeczka sama zgasła.
349067	Mum kendi kendine söndü.	349310	Świeca sama zgasła.
349068	Babam bana yatakta kitap okumamamı söyledi.	349075	Ojciec zabronił mi czytać książki w łóżku.
351764	On, on bir, on iki, on üç, on dört, on beş, on altı, on yedi, on sekiz, on dokuz, yirmi.	351899	Dziesięć, jedenaście, dwanaście, trzynaście, czternaście, piętnaście, szesnaście, siedemnaście, osiemnaście, dziewiętnaście, dwadzieścia.
355656	Ek olarak yaşlılar birbirleriyle sosyalleşebilsin ve Amerikan hayatının aktif üyeleri olarak kalabilsinler diye birçok topluluk kurulmuştur.	355845	Ponadto stworzono wiele grup, po to, by osoby starsze mogły spotykać się ze sobą i pozostać czynnymi uczestnikami życia Ameryki.
355657	Bazıları yalnızca zaman geçsin diye kitap okurlar.	355846	Są tacy, co czytają książki tylko dla zabicia czasu.
355658	Koyu kahverengi saçları vardı.	355847	Miał brązowe włosy.
355659	Bu gemi okyanus yolculuğu için uygun değil.	355848	Ten statek nie nadaje się do podróży oceanicznych.
355660	Bu kitap.	355849	To ta książka.
355661	Hemen yolculuğa hazırlan.	355850	Szykuj się natychmiast do podróży.
355662	Masanın üstündeki hesap makinesi benim.	355851	Kalkulator na stole jest mój.
355663	Şimşek çaktı.	355852	Błysnęła błyskawica.
355664	Aşk onu rüyalarında görmektir.	355853	Miłość to widzieć ją nawet we śnie.
355666	Kimse benim fikirlerimi dinlemek istemiyor.	355855	Nikt nie chce słuchać moich poglądów.
355672	Sana satranç oynamayı öğreteceğim.	355898	Nauczę cię grać w szachy.
355676	Satranç oynamayı biliyor musun?	355897	Umiesz grać w szachy?
355682	Bunlar çok eski kitaplar.	355896	To są moje bardzo stare książki.
355683	Bunlar benim kitaplarım.	353163	To są moje książki.
355684	Bunlar bizim kitaplarımız.	355894	To są nasze książki.
355685	Bunlar benim kalemlerim.	355893	To są moje ołówki.
355686	Bunlar her yerde satılıyor.	355892	Wszędzie się je sprzedaje.
355690	Bu kitap okul kütüphanesinin.	355891	Ta książka należy do szkolnej biblioteki.
355692	Köpekleri severim.	709335	Uwielbiam psy.
355694	Bulaşık makinesinin nasıl çalıştığını anlatabilir misin?	355889	Czy możesz mi wyjaśnić, jak działa zmywarka?
355698	Zor durumlarla başa çıkamıyor.	355888	On nie umie sobie radzić z trudnymi sytuacjami.
355700	Günde en az yedi saat uyumak zorundayız.	355887	Musimy spać co najmniej siedem godzin dziennie.
355707	Sporu rekabet için değil zevk için yapıyorum.	355886	Lubię uprawiać sport dla zabawy, nie dla współzawodnictwa.
355711	Japonca konuşamıyorum.	348763	Nie mówię po japońsku.
355786	Yalnızca birkaç kişi vaktinde geldi.	355873	Tylko kilka osób przyszło na czas.
355883	Sadece birkaç kişi beni anladı.	355900	Rozumie mnie tylko kilka osób.
355890	Koşucuyum.	355899	Jestem gońcem.
355934	Matsuyama'da doğup büyüdüm.	3634073	Urodziłem się i wychowałem w Matsuyama.
355934	Matsuyama'da doğup büyüdüm.	3634074	Urodziłam się i wychowałam w Matsuyama.
355964	Sam Tom'dan iki yaş küçük.	355972	Sam jest dwa lata młodszy od Toma.
355965	Lütfen burayı imzalayın.	355971	Proszę tutaj podpisać.
356372	Pardon ama radyoyu kısabilir misin acaba?	859659	Przepraszam, czy można prosić o ściszenie radia?
356387	Yakınlardaki küçük bir kasabada yaşıyordu.	356426	Mieszkał w pobliskim miasteczku.
356388	Kulübe katılmaz mısın?	356425	Wstąpisz do naszego klubu?
356389	Kulübe katılmak isteyenler lütfen buraya isimlerini yazsın.	356424	Chętni do wstąpienia do klubu proszeni są o wpisanie się tutaj.
356666	Merhaba, nasılsın?	349418	Cześć, jak się masz?
356668	İyi akşamlar Şikago.	356866	Witaj, Chicago!
357833	Bu köprü on tondan fazlasını taşıyamaz.	358008	Ten most ma nośność tylko dziesięć ton.
357907	Dün on yedinci doğum günümdü.	357887	Wczoraj były moje siedemaste urodziny.
359088	Kameram Nikon'dur.	359299	Mój aparat to Nikon.
475591	Ben yorgunum.	362057	Jestem zmęczony.
475591	Ben yorgunum.	2423215	Jestem zmęczona.
476239	O merdivenlerden aşağı yuvarlandı.	442979	Spadł ze schodów.
476240	Ben ondan daha uzunum.	364106	Jestem wyższy od niego.
476242	Bu tükenmez kalemi iki dolara satın aldım.	361859	Kupiłem ten długopis za dwa dolary.
476748	Fiyatları aniden düştü.	1625662	Ceny nagle spadły.
477085	Evet.	356399	To prawda.
477085	Evet.	531792	Tak.
479148	Ne yapıyorsun?	349021	Co robisz?
479264	Kişisel özgürlük demokrasinin ruhudur.	357274	Wolność osobista to istota demokracji.
479515	Kazan'da bir metro var.	404517	W Kazaniu jest metro.
479574	Odaya parfüm kokusu yayıldı.	358922	Pokój był przesycony zapachem perfum.
480660	Hava nasıl?	348794	Jaka pogoda?
482009	Tanrı sizi korusun.	361315	Niech cię Bóg błogosławi.
482010	Allah korusun.	361315	Niech cię Bóg błogosławi.
487283	Anime yönetmeni Satoshi Kon, kırk yedinci doğum gününden kısa süre önce 24 Ağustos 2010 tarihinde pankreas kanserinden öldü.	529065	Reżyser anime Satoshi Kon zmarł na raka trzustki 24 sierpnia 2010 roku, na krótko przed jego 47 urodzinami.
492709	İstasyona yedide ulaştı.	459206	Dotarł na dworzec o siódmej.
492712	İstasyona saat yedide ulaştı.	459206	Dotarł na dworzec o siódmej.
496115	Bu bisiklet benim.	564063	To mój rower.
497748	Bill, Japonya'daydı.	364818	Bill był w Japonii.
511165	Onun erkek kardeşi Kensaku şu an Brezilya'da.	365478	Jej brat Kensaku jest teraz w Brazylii.
585544	Neredeyiz?	629754	Gdzie jesteśmy?
585590	Kar yağıyor.	552195	Pada śnieg.
631335	Aptal olma.	367300	Nie bądź głupi.
671230	O "Ben Kanada'dan geldim" dedi.	668994	Powiedział: "Jestem z Kanady."
699698	Annen evde mi?	826739	Czy Twoja mama jest w domu?
703477	Gök bugün mavi, bulutsuz.	838719	Niebo dzisiaj jest niebieskie, bezchmurne.
747615	Hazır mısın?	922482	Jesteś gotów?
764694	Korkma.	450221	Nie bój się.
764718	İstasyondan otele bir taksi tuttum	733094	Z dworca do hotelu pojechałem taksówką.
766079	Hayattaki yegâne hedef para kazanmak değildir.	366577	Zarabianie pieniędzy to nie jest jedyny cel życia.
766451	Gece yağmur yağacak zannedildi.	349584	Wieczorem może padać.
815741	Şehirde yaşıyorum.	359195	Mieszkam w mieście.
856613	Hava çok şiddetli soğuk.	1625672	Pogoda bardzo dotkliwie zimna.
862144	Senin iki kitabın var.	531716	Masz dwie książki.
923145	Karşıya geçerken çok dikkâtli olamıyorsun.	923121	Ostrożności nigdy za wiele.
923148	Onlardan biri, birini katil eden kişinin rolünü oynayacak bir aktör.	923123	Jednym z nich jest aktor, który udaje, że kogoś zabija.
923150	Bir adresin var mı?	923124	Zna pan adres docelowy?
923153	Yasa, bu alana herhangi bir gökdelenin inşa edilmesini yasaklıyor.	923125	Nielegalne jest budowanie w tym miejscu wysokościowców.
923155	Mike, uçaklar genelde böyle mi sarsılırlar?	923127	Mike, czy samoloty zwykle drżą w ten sposób?
923156	Mike, uçaklar genellikle böyle mi sarsılırlar?	923127	Mike, czy samoloty zwykle drżą w ten sposób?
923158	Çabuk cevabından şaşırmıştım.	923129	Byłem zdziwiony jej błyskawiczną odpowiedzią.
923159	Onu temsilcimiz olarak seçtik.	923130	Wybraliśmy go na posła.
923161	Gece bir film izlemeye ne dersin?	923132	A może pójdziesz do kina dziś wieczorem?
923162	Seni arıyorum.	923134	Szukam cię.
923164	O gece ay vardı.	923136	Była to księżycowa noc.
923166	Ozon tabakası olmasa, tehlikede oluruz.	923138	Gdyby nie warstwa ozonowa, bylibyśmy w bezpośrednim niebezpieczeństwie.
923168	Zayıflığından onu azarladı.	923141	Krytykował ją za słabość.
923234	Onlar onun dakikliğinden gurur duyuyordu.	901494	Jest dumny ze swojej skrupulatności.
923289	Herkes yeni şeyler yapmaktan korkar.	525509	Każdy boi się robić coś nowego.
923319	Etki küresini büyütmeye çalıştı.	923309	On próbował powiększyć swoją strefę wpływów.
923322	O sır sonsuza dek saklanamaz.	923316	Nie można wiecznie trzymać tego w tajemnicy.
923693	Sydney'in güzel bir doğal limanı vardır.	923215	Sydney ma piękny naturalny port.
923694	Teklifimi çabucak kabul etti.	923214	Chętnie zgodziła się na moją propozycję.
923695	Ya eşcinsel olsam, bu bir suç mu?	923213	A gdybym był gejem, to czy byłoby to przestępstwo?
923699	İnsan, doğaya göre sosyal bir hayvandır.	923208	Człowiek jest z natury istotą społeczną.
923700	Onunla bir yerde buluştuğumuzu hatırlıyorum.	923207	Pamiętam, że gdzieś już go spotkałem.
923701	Uzun zaman önce Kyoto'ya gittim.	923206	Byłem w Kioto dawno temu.
923702	Bu yol sizi müzeye götürecektir.	923205	Idąc tą drogą dojdziemy do muzeum.
923703	Sen, ne zaman onu tanımaya geldin?	923204	Kiedy ją pan poznał?
923704	Bir fincan çay alacaksın, değil mi?	923201	A może filiżankę herbaty?
923705	Tony iyi ve güçlü bir oğlandı.	923199	Tony to dobry, silny chłopak.
923706	Uzun zamandır onu tanıyor musun?	923197	Od dawna pan go zna?
923860	Japonca konuşan herhangi bir doktor tanıyor musun?	440474	Czy jest tu lekarz, który mówi po japońsku?
923992	Geçen ay Londra'daydım.	359369	W zeszłym miesiącu byłem w Londynie.
924358	Bize bir kelime bile söylemedi.	410746	Nic do nas nie powiedział.
924388	Onun doğru olduğunu sanmıştım.	349102	Myślałem, że to prawda.
924663	Onun konuşabildiği kadar iyi Fransızca konuşabiliyorum.	364687	Mówię po francusku nie gorzej od niej.
925117	İyi zamanlama. Ben seni yeni modelin test sürüşüne alacağım.	355237	Świetnie! Dam ci się przejechać nowym modelem.
925767	Stadyum, beyzbol hayranlarıyla dolmuştu.	925765	Stadion był pełen kibiców baseballa.
925769	Burada ders çalış.	925764	Tu się ucz.
925771	Ya sen ya da ben bunu yapmak zorundayız.	925762	Któryś z nas będzie musiał to zrobić.
928245	İngilizce telaffuzumu geliştirmek istiyorum.	350735	Chciałbym poprawić moją wymowę angielską.
928848	Bu hikâyeye inanıyorum.	670414	Wierzę w tę historię.
928854	Müzenin girişi nerede?	382540	Gdzie jest wejście do muzeum?
962621	Dünyanın kaynakları sınırlıdır.	365071	Zasoby Ziemi są ograniczone.
1038955	Tatoeba'nı yeni versiyonu, insanları eklemeye ve onlarda redaksiyon yapmaya olanak sağlayacak!	3168797	Nowa wersja Tatoeba dostarcza możliwość dodawania osób i redagowania tekstu.
1057548	İstasyona vardığında, annesini aradı.	1133366	Po przyjeździe na dworzec zadzwoniła do matki.
1058843	Üç adam vardı.	2665379	Tam było trzech mężczyzn.
1059415	O, İngilizceyi benim kadar iyi konuşur.	1350146	Ona mówi po angielsku tak dobrze jak ja.
1060128	İşte buradasın.	1059868	Tutaj jesteś.
1060131	Sonra ne yapmam gerektiğini bana söyleyecek misin?	1059867	Powiesz mi, co powinienem zrobić dalej?
1060134	Ondan gerçekten hoşlanıyorum!	1059866	Naprawdę go lubię!
1060136	Ölen annem hakkında sıkça düşünüyorum.	362005	Często myślę o mojej zmarłej matce.
1060137	Sen bir katilsin.	744209	Jesteś mordercą.
1060138	O, geçen ay Ann ile evlendi.	1059852	Ożenił się z Ann w zeszłym miesiącu.
1060141	Gaspı önlemek için, bütün taşınabilen bagajlar dikkatle incelenir.	1059851	Aby zapobiegać porwanion, każdy bagaż ręczny jest dokładnie sprawdzany.
1060797	Augusto benim en sevgili oğlum.	1060714	Augusto jest moim najukochańszym synem.
1060798	Onun hayatı sorun dolu.	1060713	Jego życie jest pełne problemów.
1060799	Bay Jones ofiste mi?	1060710	Czy Pan Jones jest w biurze?
1060800	Gelecekte bir pilot olmak istiyorum.	723819	W przyszłości chciałbym zostać pilotem.
1060801	Telefon numaran ne?	529721	Jaki jest twój numer telefonu?
1060802	Sen bir öğretmensin.	1060705	Jesteś nauczycielem.
1060803	Şimdi gitmek zorundayım.	359794	Muszę już iść.
1060804	Beni buraya yalnız başıma getirttiler.	1060712	Kazali mi tam iść samemu.
1060805	Her elma kırmızıdır.	1060708	Każde jabłko jest czerwone.
1060807	Komite beş bölüme ayrılmıştı.	1060709	Komitet był podzielony na pięć sekcji.
1060809	Bir saatte geri döneceğim.	1060703	Wrócę za godzinę.
1060810	O, zaten evlendi.	1060701	Ona jest już mężatką.
1060811	Gitme.	1060700	Nie odchodź.
1060812	Onu hastanenin içerisine aldılar.	1060696	Przyjęli ją do szpitala.
1060813	Mozart öleli 200 yıl oldu.	1060691	Minęło 200 lat od śmierci Mozarta.
1060814	Satrancın nasıl oynanacağını biliyor musun?	1060690	Wiesz, jak się gra w szachy?
1060816	İnsan hakları kavramının açık bir tanımına ihtiyacımız var.	1060683	Potrzebujemy jasnej definicji koncepcji praw człowieka.
1060817	O, Japonya'ya çocuk olarak geldi.	1060681	Przybył do Japonii jako dziecko.
1062574	Apandisitim var.	1021815	Mam zapalenie wyrostka robaczkowego.
1062582	"Nasıl gitti?" "Onun akut apandisit olduğunu söylediler."	1021813	"Jak poszło?" "Mówili, że to było ostre zapalenie wyrostka robaczkowego."
1062583	Bana kitabı ver.	560179	Daj mi tę książkę.
1064488	Evrende bir sürü galaksi vardır.	527584	Jest wiele galaktyk we wszechświecie.
1064489	Evrende birçok gökada var.	527584	Jest wiele galaktyk we wszechświecie.
1068915	Bu yol istasyona götürür.	526352	Droga prowadzi do stacji.
1074601	O, yirminin üzerinde olamaz.	2269727	Ona nie może mieć więcej niż dwadzieścia lat.
1083412	Masanın üzerinde bir kedi var mı?	1132923	Czy na stole jest kot?
1102859	Oğluna büyük bir servet bıraktı.	1357235	Zostawił ogromną fortunę synowi.
1131503	O yabancı ülkelerde seyahat etti.	511578	Podróżowała za granicę.
1144183	O çalışmak için çok yorgun.	461001	Jest zbyt zmęczony, by się uczyć.
1147929	Selam, nasılsın?	349418	Cześć, jak się masz?
1175066	Dün caddede Mary'ye rastladım.	1931417	Wczoraj spotkałem na ulicy Mary.
1212131	Niçin gitmek istediğini anlamak zor.	3064041	Trudno jest zrozumieć, czemu chcesz iść.
1216548	O kediler hakkında deli oluyor.	869654	On ma fioła na punkcie kotów.
1220329	Hangi çocuk Masao?	875550	Który chłopiec to Masao?
1220330	Şimdilik amcamla birlikte kalıyorum fakat daha sonra küçük bir apartman dairesine taşınacağım.	875551	Póki co mieszkam z wujkiem, ale później wyprowadzę się do jakiegoś małego mieszkania.
1222200	Ödül parası dünya gezisine gitmeme olanak sağladı.	3168800	Pieniądze z nagrody umożliwiły mi podróż po świecie.
1255778	Bugün hava bulutlu.	535161	Dzisiaj jest pochmurno.
1270000	Ben bisikletle dışarı gittim.	1361728	Pojechałem rowerem.
1282778	Günaydın!	403047	Dzień dobry!
1283291	O hiperaktif.	982561	Jest nadaktywna.
1287440	Bir çatal kayıp.	440319	Nie ma widelca.
1287446	Bu sandalyeyi nasıl tamir edebilirim?	924606	Chciałbym zwrócić krzesło.
1287547	Caddede yüzlerce araba vardı.	411575	Na ulicy było kilkaset samochodów.
1287581	Japonya'ya geri döndü.	837211	Wrócił do Japonii.
1289222	Babam işe arabayla gider.	357637	Ojciec jeździ do pracy samochodem.
1290066	Evimin karşısında bir kitapçı var.	349993	Przed moim domem jest księgarnia.
1290143	İlaç ona çok iyi geldi.	945807	To lekarstwo zdziałało u niego cuda.
1301001	O derin bir uykuya daldı.	1361695	Zapadł w głęboki sen.
1314585	O, iyi biridir.	349156	To dobry człowiek.
1326480	Bu kitabı daha ucuza aldım.	951178	Kupiłem tę książkę taniej.
1354573	Onu kendim için yargılamak zorunda kaldım.	1354636	Sam muszę to ocenić.
1354579	Mümkün olduğu kadar çok çalıştım.	1354634	Pracowałem jak najciężej.
1370871	İngilizce konuşmak zordur.	1896046	Angielski w mowie jest trudny.
1459344	E-posta yazmak için çok zaman harcıyor musun?	2289916	Ile czasu zajmuje ci napisanie maila?
1480212	Okul olanaklarımız yabancı öğrenciler için yetersizdir.	3168801	Możliwości naszej szkoły są niewystarczające dla zagranicznych studentów.
1521578	Hiç sabrım yoktur.	352640	Nie mam cierpliwości.
1615698	Senden başka hiç kimse beni mutlu edemez.	1452366	Nikt poza Tobą nie może mnie uszczęśliwić.
1982664	Zengin olmak acaba nasıl bir şey?	972869	Ciekawe, jak to jest być bogatym.
2001488	Bu Latince mi?	2391328	Czy to łacina?
2009550	Eliza ağlıyor.	1357097	Eliza płacze.
2027858	Bunu okuyamam.	2704345	Nie mogę tego przeczytać.
2030423	O kötü bir fikirdi.	2801362	To był zły pomysł.
2050928	Kadınlar çayı sever.	2413008	Kobiety uwielbiają herbatę.
2069527	Bu iyi bir anlaşma.	1006965	To dobry interes.
2118091	Ben bir şey beğenmiyorum.	632334	Nic mi się nie podoba.
2145950	Beş ile üçün toplamı sekize eşittir.	2145941	Pięć plus trzy równa się osiem.
2148466	O benim hatam, senin değil.	2147786	To moja wina, nie twoja.
2163722	Atom enerjisi pahalı ve tehlikeli.	2364557	Energia jądrowa jest droga i niebezpieczna.
2166305	İki teori arasında çok büyük bir fark vardır.	818773	Między tymi dwiema teoriami jest olbrzymia różnica.
2183175	Önyargıları yok etmek atom çekirdeğini parçalamaktan daha zordur	2183173	Uprzedzenie trudniej jest rozbić niż atom
2183181	Kapıyı çaldı	542052	Zapukał do drzwi.
2183183	Ne kadar hızlı yüzüyor	525096	Jak ona szybko pływa!
2183187	Dış görünüşe göre yargılamamalısın.	1573067	Nie powinieneś oceniać po wyglądzie.
2197068	Zil çalar çalmaz öğretmen sınıfa girdi.	1116223	Jak tylko zadzwonił dzwonek, nauczyciel wszedł do klasy.
2307822	Yunanca kolay bir dil değildir.	826692	Grecki nie jest łatwym językiem.
2434778	Lütfen cevapları yazınız.	2427670	Proszę napisać opowiedzi.
2435547	O benim öğretmenimdir.	1827174	On jest moim nauczycielem.
2469624	Tom'a ev ödevini e-posta gönderdim.	3452695	Wysłałem Tomowi jego pracę domową e-mailem.
2580745	Türkiye'de hiç bulunmadım.	2587196	Nigdy nie byłem w Turcji.
2602660	Dağlarda bir evim var.	2242340	Mam domek w górach.
2680459	Mallorca güzel bir adadır.	2678390	Majorka to piękna wyspa.
2714956	Şu anda kar yağıyor.	3051141	Teraz pada śnieg.
1479809	Şimdi kar yağıyor.	3051141	Teraz pada śnieg.
2764244	Hey sen, kapa çeneni!	524092	Hey ty, zamknij się!
2767111	Bu programın hem indirme hem de yükleme olanakları vardır.	3168802	Ten program dostarcza zarówno możliwość pobierania jak i ładowania danych.
2767492	Los Angeles Amerika'daki ikinci en büyük kent.	1046567	Los Angeles jest drugim największym miastem w Stanach Zjednoczonych.
2770444	Önceden babasına ait olan sıraya bakıyordu.	366278	On spogląda na coś, co kiedyś było biurkiem ojca.
2770460	Beni almaya geliyor musun?	2770451	Przyjdziesz po mnie?
2770471	Hiç şansın olmayacak.	2770468	Nie ma szans.
2770473	Seni orada gördüm.	2770470	Widziałem Ciebie tam.
2770477	Kilo vermekte sorun yaşıyor musun?	2770465	Czy masz problem ze zrzuceniem wagi ?
2770513	Taşınıp kendi için bir yer bulmak istiyor.	2770497	Ona chce się wyprowadzić i znaleźć swoje własne miejsce.
2898586	Bahsi kaybettim.	3452662	Przegrałem zakład.
2929049	Bu dünya benim evim değildir.	2939762	Ten świat nie jest moim domem.
779334	Bu doğru değil.	2939768	To jest błędne.
1685764	Tom aynada kendine baktı.	3545531	Tom patrzył na siebie w lustrze.
3223862	Yaşını gizli tutuyor.	3452379	Utrzymuje swój wiek w tajemnicy.
3282669	Bu akşam televizyon izleyebilir miyim?	401161	Czy mogę dziś wieczorem oglądać telewizję?
3361339	Bill Gates, Microsoft'un kurucusudur.	1591133	Bill Gates jest założycielem Microsoftu.
3389807	Sonunda ortaokuldan mezun oldu.	362885	Wreszcie skończyłem gimnazjum.
3389859	Her sabah 7'de kahvaltı yaparım.	359770	Jem śniadanie codziennie o siódmej.
3390266	O filmi çok sıkıcı buldu.	760353	Uznał ten film za wyjątkowo nudny.
3409904	Dün gerçekten çok güzel bir şarkı dinledim.	3409911	Wczoraj słuchałem naprawdę cudownej piosenki.
3422912	Sonunda kendi arabam var.	3545532	W końcu mam własny samochód.
3565781	Akıllı bir adam bu şekilde hareket etmezdi.	582159	Mądry człowiek nie postąpiłby w ten sposób.
3570091	Ne yapmayı seversin?	1003163	Co lubisz robić?
1477648	Hava çok güzel.	3629775	Pogoda jest bardzo ładna.
2690251	Tom gitmek istemiyor.	3629772	Tom nie chce iść.
3627556	Parkta kimse yoktu.	3633660	W parku nie było nikogo.
2137943	Çorba çok tuzlu.	3629769	Zupa jest bardzo słona.
1084637	Bu yiyecek çok tuzlu.	3629768	To jedzenie jest bardzo słone.
3627761	Çorba çok tuzlu ve kötü.	3629767	Zupa jest bardzo słona i niedobra.
3627862	Tom benim raporumu bekliyor.	3629765	Tom czeka na moje sprawozdanie.
3628128	Hiç kimse beni dinlemiyor.	3629760	Nikt mnie nie słucha.
3628830	Hediye için teşekkür etti.	3629759	Podziękował za prezent.
3629023	O çok sıcak. Ona dokunma.	3634065	To jest bardzo gorące. Nie dotykaj tego.
1997064	Tom'a sor.	3629757	Zapytaj Toma.
3630102	Yaşamak için sadece altı ayı var.	3634061	Zostało jej tylko sześć miesięcy życia.
3630506	Tom köpeğine bir kemik verdi.	3630938	Tom dał swojemu psu kość.
3630509	Aşk affetmez.	3630937	Miłość nie przebacza.
3630548	O yumuşak.	3630935	To jest miękkie.
3630550	Tom emekli.	3630934	Tom jest na emeryturze.
3630553	Bu sadece bir oyun.	3630933	To tylko gra.
3630558	Tom Mary'ye kızgın değil.	3630931	Tom nie jest wściekły na Mary.
3630567	Tom listeyi kontrol etti.	3630930	Tom sprawdził listę.
3630568	Tom çok yaşam dolu.	3630929	Tom jest pełen życia.
3630578	Tom kötü bir çocuk değil.	3630928	Tom nie jest złym dzieckiem.
3630581	Tom tembel bir çocuk.	3630927	Tom jest leniwym dzieckiem.
3630593	Bunu anlıyor musun?	3630926	Rozumiesz to?
3630605	O güzel bir oteldi.	3630925	To był ładny hotel.
3630662	Bu evde on bir oda vardır.	3630990	W tym domu jest jedenaście pokoi.
3630664	Bu fotoğrafa bak.	3630924	Spójrz na to zdjęcie.
3630717	Tom müziği çok sever.	3630922	Tom bardzo lubi muzykę.
3630719	Tom tembeldi.	3630921	Tom był leniwy.
3630740	Tom atına bindi.	3630919	Tom wsiadł na konia.
3630745	Tom evde dinleniyor.	3630918	Tom odpoczywa w domu.
3630747	Tom evden uzakta.	3630916	Tom jest daleko od domu.
3630769	Tom yardım etmeyecek.	3630915	Tom nie pomoże.
3630774	Tom çalışkandı.	3630914	Tom był bardzo pracowity.
1261678	Onun yanına oturdu.	981002	Usiadł obok niej.
1261678	Onun yanına oturdu.	3633744	Usiadła obok niej.
1261678	Onun yanına oturdu.	3633745	Usiadł obok niego.
3631210	Sen kadınsın.	2693135	Jesteś kobietą.
1492299	Başım gerçekten ağrıyor.	3634051	Naprawdę boli mnie głowa.
2628224	Çok yakışıklısın.	3633731	Jesteś bardzo przystojny.
3632097	Tom bir hamburger yedi.	3633730	Tom zjadł hamburgera.
3632104	Tom'un çok kısa saçı var.	3633729	Tom ma bardzo krótkie włosy.
3632106	Tom spor salonuna gitti.	3633728	Tom poszedł do siłowni.
3632124	Tom hiç utangaç değil.	3634047	Tom wcale nie jest nieśmiały.
3632380	O bir sincap mıydı?	3633725	Czy to była wiewiórka?
2080458	Toplantı nasıl geçti?	3633724	Jak poszło spotkanie?
3632735	Tom iyi bir adam.	3633723	Tom to dobry człowiek.
3632762	Tom dedikodu yapmayı seviyor.	3633722	Tom lubi plotkować.
3632773	O şaka komikti.	3633720	Ten żart był śmieszny.
2500810	Tom aptal değil.	3500000	Tom nie jest głupi.
3632802	O uzun bir uçuştu.	3633716	To był długi lot.
2061125	O senin hatan değil.	3633714	To nie twoja wina.
3480272	Tom sınavı geçti.	3633712	Tom zdał egzamin.
3632831	Tom her şeyi duydu.	3633711	Tom wszystko słyszał.
3632839	Motoru kapatın.	3633710	Wyłącz silnik.
3632840	Tom enerji dolu.	3633707	Tom jest pełen energii.
3632858	Bu çok çok kolaydı.	3633704	To było zbyt proste.
3632863	Tom bir taksi şoförü.	3633702	Tom jest taksówkarzem.
1271777	Tom köpeklerden korkar.	3633701	Tom boi się psów.
3632893	Tom bir doktor çağırdı.	3633700	Tom wezwał lekarza.
3632928	Tom dans etmek istedi.	3633697	Tom chciał zatańczyć.
3632929	Tom dans etmeyi sever.	3633696	Tom uwielbia tańczyć.
2598831	Tom dans etmeye başladı.	3633695	Tom zaczął tańczyć.
3633002	Bana biraz kahve yap.	3633692	Zrób mi trochę kawy.
2525871	Bu iyi kahve.	3633691	To dobra kawa.
3633014	Mağaza kapalı.	3633690	Sklep jest zamknięty.
3633039	Tom arabayı yıkıyor.	3633688	Tom myje samochód.
3633050	Tom Mary'ye bir kek pişirdi.	3633685	Tom upiekł dla Mary ciasto.
3633067	Tom meşgul görünmeye çalıştı.	3633683	Tom próbował wyglądać na zajętego.
3633336	Kyoto çok güzel bir şehir.	3633681	Kioto jest pięknym miastem.
3633336	Kyoto çok güzel bir şehir.	3633682	Kioto to piękne miasto.
1060150	Bu bir oyuncak değil!	969087	To nie jest zabawka!
3136916	Bu odada hiç sandalye yok.	901493	W tym pokoju nie ma krzeseł.
2670230	Okula gitmek istemiyorum.	599726	Nie chcę iść do szkoły.
2670230	Okula gitmek istemiyorum.	3633678	Nie chcę chodzić do szkoły.
3648967	Suyunuz var.	3649536	Wy macie wodę.
3648967	Suyunuz var.	3649539	Pani ma wodę.
3648967	Suyunuz var.	3649540	Pan ma wodę.
3648967	Suyunuz var.	3649541	Państwo mają wodę.
3648968	Senin suyun var.	3649531	Ty masz wodę.
3740413	Japonya'dan geri geldin mi?	3632663	Wróciłeś już z Japonii?
3740644	Bunu onlar başlattı.	3740684	Oni to zaczęli.
3740641	Sakin ol artık!	3740686	Uspokój się w końcu.
3740639	Sakin olmak zorundasın.	3740688	Musisz się uspokoić.
3740633	Neden uyumuyor?	3740691	Dlaczego on nie śpi?
3740614	Burada İngilizce konuşuyoruz.	3740694	Rozmawiamy tutaj po angielsku.
3740609	Gidelim hadi buradan!	3740698	Chodźcie, idziemy stąd!
3740339	Neden buraya taşındınız?	3740700	Dlaczego się tutaj przeprowadziliście?
3740338	Ne zamandır burada oturuyorsunuz?	3740702	Jak długo tutaj mieszkacie?
3740331	Bunu görmen lazım.	10584631	Musisz to zobaczyć.
3740330	Sana inanmak zor.	3740708	Ciężko ci uwierzyć.
3740328	Gerçekten çok ilginçti.	3740710	To było naprawdę bardzo interesujące.
3740327	Bunu beğendim.	3740712	Podobało mi się to.
3740322	Birbirinize ne yaptınız?	3740718	Co zrobiliście sobie nawzajem?
3740321	Birbirimize ne yaptık?	3740719	Co zrobiliśmy sobie nawzajem?
3740314	Beni yalnız bırakır mısın?	3740724	Mógłbyś zostawić mnie samą?
3740314	Beni yalnız bırakır mısın?	3740725	Mogłabyś zostawić mnie samego?
3734220	Seni tanıyor gibiyim.	3740728	Skądś Cię znam.
3741028	Bir damla zehir 160 insanı öldürmeye yeter.	3741037	Jedna kropla trucizny wystarczy, aby zatruć 160 osób.
2959929	Benimle dışarıya gel.	3741046	Chodź ze mną na zewnątrz.
3740560	Bunu yapabilirsin, değil mi?	601357	Możesz to zrobić, prawda?
3740561	Tom'un bir arkadaşısın, değil mi?	3741100	Jesteś przyjacielem Toma, prawda?
3741007	Bu yeniden olmayacak.	3741108	To się już więcej nie powtórzy.
479290	Peki ya sen?	756951	A ty?
1780698	Hava atmak için benimle İngilizce konuştu.	3741130	Rozmawiała ze mną po angielsku żeby się popisać.
1780698	Hava atmak için benimle İngilizce konuştu.	3741136	Rozmawiał ze mną po angielsku żeby się popisać.
3700470	Bana ne getirdin?	3741141	Co dla mnie przyniosłeś?
2775992	Tom'un işi var.	3741152	Tom ma pracę.
1732910	Ayakkabılarını çıkarmana gerek yok.	2757218	Nie musisz zdejmować butów.
2027217	Bu geceye ne dersin?	3741198	Co powiesz na dzisiejszą noc?
2695430	Tom parka gitti.	3741203	Tom poszedł do parku.
1200344	Tom tam köşedeki pahalı bir restoranda suşi yedi.	3741210	Tom jadł sushi w drogiej restauracji za rogiem.
2306933	Daha önce hiç mango yememiştim.	3741221	Nigdy wcześniej nie jadłam mango.
1587940	Şehrin üzerinde bir uçak uçuyor.	912639	Nad miastem leci samolot.
1615701	Kimse bir defada iki şeyi yapamaz.	3741230	Nikt nie może zrobić dwóch rzeczy na raz.
479178	Alfabeyi tersten oku.	3741274	Powiedz alfabet od tyłu.
2564549	Yarın bileceğim.	3741275	Jutro będę wiedział.
1791084	Konuşmadan önce her zaman düşünmelisin.	3741492	Powinieneś zawsze pomyśleć zanim coś powiesz.
3716293	Bazı kadınlar sutyen giymez.	3741510	Niektóre kobiety nie noszą staników.
3678798	Güzel bir sesin olduğunu duydum.	3742344	Słyszałem, że masz piękny głos.
3678798	Güzel bir sesin olduğunu duydum.	3742346	Słyszałam, że masz piękny głos.
2521601	Atina'da hava nasıl?	3742516	Jaka jest pogoda w Atenach?
866523	O, babasının ölümünden sonra işle ilgilendi.	3744061	Przejął biznes ojca po jego śmierci.
2452616	Tom ve Mary'nin fısıldaşdığını duydum.	3744062	Słyszałem szeptanie Toma i Mary.
2534438	Bu bir onur.	3744063	To jest honor.
1830031	Bu hafta sonu küçük bir gezi yapmak istiyorum.	3744065	Chciałabym pojechać na małą wycieczkę w ten weekend.
1801253	Bunu yapmama birinin yardım edip edemeyeceğini merak ediyorum.	3744066	Jestem ciekawa, czy ktoś mógłby mi pomóc to zrobić.
1423646	Onlar yarın Japonya'dan ayrılıyorlar.	3744067	Jutro wyjeżdżają z Japonii.
1554244	Okula yürüyerek gitmek yarım saatimizi alıyor.	3744069	Dojście do szkoły zajmuje nam pół godziny.
3163843	Tom, sonra ne olacağını bildiğini düşünüyor.	3744070	Tom myśli, że wie co się stanie.
3336424	Onu sen söyledin.	3744071	Ty to powiedziałeś.
3336424	Onu sen söyledin.	3744072	Ty to powiedziałaś.
2578133	Arkadaşlarını getir.	3744073	Przyprowadź ze sobą przyjaciół.
2578133	Arkadaşlarını getir.	3744074	Przyprowadź ze sobą znajomych.
3437692	Korkarım ki o benim talebimi reddedecek.	3744075	Boję się, że odrzuci moje podanie.
1257615	Bugün meşgul müsünüz?	3744076	Jesteś dzisiaj zajęty?
1257615	Bugün meşgul müsünüz?	3744078	Czy jesteście dziś zajęci?
1725007	Keşke bana Tom demeye başlasan.	3744079	Chciałbym, żebyś zaczął zwracać się do mnie Tom.
1240291	John gezisine hazırlanmakla meşguldü.	3744080	John był zajęty przygotowywaniem się do wyjazdu.
1072376	Ben unutkan oldum.	3744081	Stałem się zapominalski.
1072376	Ben unutkan oldum.	3744082	Zrobiłem się zapominalski.
1072376	Ben unutkan oldum.	3744083	Zrobiłam się zapominalska.
861646	Bu broş kazağına iyi uyar.	3744084	Ta broszka pasuje ci do swetra.
2084922	Ben senin için uygun değilim.	3744085	Nie pasuję do ciebie.
1079502	Bir hesap açın.	3744086	Otwórz konto.
2583789	Onların her ikisi de sarhoş.	3744087	Oni są oboje pijani.
414944	Saatlerdir bekliyorum.	3744088	Czekałam godzinami.
414944	Saatlerdir bekliyorum.	3744089	Czekałem godzinami.
3074898	Uzun süredir sana söylemek istediğim bir şey var.	3744090	Jest coś, co już od dawna chciałam ci powiedzieć
3074898	Uzun süredir sana söylemek istediğim bir şey var.	3744091	Jest coś, co już od dawna chciałem ci powiedzieć
3067369	Tom bunu haftalar önce yapmalıydı.	3744092	Tom powinien to zrobić już kilka tygodni temu.
1369774	Tren henüz varmadı.	529566	Pociąg jeszcze nie przyjechał.
2477143	Tom onun eğlenceli olduğunu düşünmüyor.	3744094	Tom nie uważa tego za zabawne.
2181149	Kyoto'yu ziyaret etmeliyim.	3744095	Powinnam odwiedzić Kyoto.
2181149	Kyoto'yu ziyaret etmeliyim.	3744096	Powinienem odwiedzić Kyoto.
1679222	Oo bakıyorum da hızlısın.	3744097	Oh wow, szybki jesteś.
1679222	Oo bakıyorum da hızlısın.	3744098	Oh wow, szybka jesteś.
3566366	Ben kısa değilim.	3744099	Nie jestem niska.
3566366	Ben kısa değilim.	3744100	Nie jestem niski.
1254989	Günün nasıl geçti?	3746156	Jak ci minął dzień?
3744527	Ne kadar hızlı koşabilirsin?	3756826	Jak szybko umiesz biegać?
3756616	Geçen gece öldü.	3756827	Umarła poprzedniej nocy.
3756614	Günün çoğunu hastanede geçirdi.	3756828	Większą część dnia dnia spędziła w szpitalu.
3756609	Annesi kadar uzundur.	3756829	Jest wysoka jak jej matka.
2017325	Sen benim kahramanımsın.	3756842	Jesteś moim bohaterem.
3756565	Yazı kışa tercih ederim.	3756845	Wolę lato, niż zimę.
3756560	O, oraya geçen yaz gitti.	3756848	Pojechał tam poprzedniego lata.
3756555	Yeni ayakkabıların mı var?	3756849	Masz nowe buty?
3756554	Bu yaz Danimarka'ya gideceğim.	3756850	Tego lata pojadę do Danii.
3756256	Sen niye benimle gelmedin?	3756856	Dlaczego ze mną nie przyszedłeś?
3756230	Dün akşam Tom biriyle tartışıyordu.	3756861	Wczoraj wieczorem kłócił się z Tomem.
3756226	Aklınıza bir şey gelirse lütfen bizi bilgilendirin.	3756865	Jeśli przyjdzie ci coś do głowy, proszę poinformuj nas o tym.
3756226	Aklınıza bir şey gelirse lütfen bizi bilgilendirin.	3756866	Jeśli przyjdzie ci coś do głowy, proszę daj nam znać.
3756124	Bir şeyler hatırlamalısın.	3756873	Coś musisz pamiętać.
3756121	Böyle düşünüyorsan beni hiç tanımıyorsun demektir.	3756875	Jeśli tak myślisz, to znaczy, że mnie wcale nie znasz.
3756118	Açıklama için zamanım yok.	3756878	Nie mam czasu na wyjaśnienia.
3756117	Anlaşma olmayacak, ne şimdi ne de başka bir zaman.	3756880	Nie dogadamy się, ani teraz, ani nigdy.
3756024	Söylemem gereken şey budur.	3756884	To jest to, co powinienem powiedzieć.
3756022	Tom'un yaptığını görmeliydin.	3756887	Powinieneś zobaczyć co Tom zrobił.
3756015	Oraya seninle gitmeliydim.	3756889	Powinnam była iść tam z tobą.
3756009	Yapmam gereken şey budur.	3756890	To jest to, co powinnam była zrobić.
3756004	Sanırım bu tartışılmalıydı.	3756892	Myślę, że to powinno zostać przedyskutowane.
3756002	Sanırım bunu tartışmalıydık.	3756893	Myślę, że powinniśmy to przedyskutować.
3756001	Sana yardım etmeme izin vermeliydin.	3756895	Powinieneś mi pozwolić, żebym ci pomogła.
1037017	Bu şeye ne denilir?	3759666	Jak to się nazywa?
636513	Yumurtaları sevmediğimi biliyorsun.	361188	Wiesz, że nie lubię jajek.
3070497	"O senden hoşlanıyor mu?" "Hayır fakat iyi bir arkadaş ve birlikte eğleniriz."	3759672	"Podobasz mu się?" "Nie, ale jest dobrym kolegą i spędzamy razem czas.
2862003	Bu cümlede virgülü bir noktayla değiştiremezsin.	3759674	Nie możesz zastąpić przecinka kropką w tym zdaniu.
3059442	O kitabı okumayı bitirdiğinde onu bana geri ver.	3759676	Jak skończyć czytać tę książkę, to oddaj mi ją z powrotem.
3047376	Tom Boston'dan ne zaman döndü?	3759677	Kiedy Tom wrócił z Bostonu?
2950403	"Ne oldu?" "Hoparlörler iyi çalışmıyor."	3759678	"Co się stało" "Głośniki nie działają dobrze"
3081508	Onu geri veriniz.	3759680	Oddaj to z powrotem.
3445366	Kırmızı gömlekli erkeğe ne denir?	3759688	Jak mówimy na mężczyznę w czerwonej koszuli?
3409500	Dağın zirvesi karla kaplı.	3759695	Szczyty gór są pokryte śniegiem
2804963	Bay White, Springfield'da bir otelin yöneticisiydi.	3759704	Pan White był managerem w jednym z hoteli w Springfield.
2638034	Tom belirsiz.	3759705	Tom jest niepewny.
2477000	Tom hapishaneye gitmeyecek.	3759707	Tom nie pójdzie do więzienia.
1329948	Ona masasını taşıması için yardım ettim.	3759708	Pomogłem mu przenieść stół.
3707212	Sizinle kavga etmeye niyetim yok.	3759714	Nie mam zamiaru się z wami kłócić.
3536059	O kravat sende gerçekten iyi duruyor.	3759724	Ten krawat naprawdę ci pasuje.
3056459	Bu Tom'un gerçekten istediği şey mi?	3759731	Czy to jest to, czego Tom naprawdę by chciał?
1048462	O, bir polis devriyesi görünce kaçtı.	3759734	Uciekł jak zobaczył patrol policji.
3108842	Ölümden korkan bir adamsın, değil mi?	3759737	Boisz się śmierci, prawda?
3108842	Ölümden korkan bir adamsın, değil mi?	3759739	Jesteś człowiekiem, który boi się śmierci, czyż nie?
2450209	Sadece Tom'un ağladığını görmekten nefret ediyorum.	3759742	Po prostu nienawidzę patrzeć na to, jak Tom płacze.
2859451	O genç ama çok akıllıdır.	3759757	Jest młody, ale bardzo mądry.
2859451	O genç ama çok akıllıdır.	3759758	Jest młoda, ale bardzo mądra.
1290436	Tom dün gece televizyondaydı.	3759763	Tom był wczoraj w nocy w telewizji.
1411804	Egzersiz vücudunu kuvvetli yapar.	3759765	Ćwiczenia wzmacniają twoje ciało.
2587447	Biz onu durdurduk.	3759768	My go zatrzymaliśmy.
1298132	Hava bu gece soğuyacak.	3759771	Dzisiaj w nocy się ochłodzi.
3699892	Tom evimizi boyamamıza yardım etmeyi kabul etti.	3759773	Tom zgodził się nam pomóc pomalować dom.
2592390	İkimiz de yazarlarız.	3759777	Oboje jesteśmy pisarzami.
1458662	Bir kahve daha alabilir miyim, lütfen.	3759779	Czy mogłabym prosić jeszcze jedną kawę?
3523746	Restoranımız bu restorandan daha iyidir.	3759782	Nasza restauracja jest lepsza od tej.
2452110	Tom için bir hediye almalıyım.	3759785	Muszę kupić prezent dla Toma.
2982435	Tom cep fenerini açtı.	3759787	Tom zaświecił latarkę.
1065742	Yanına bir şemsiye almadı.	3759789	Nie wziął ze sobą parasola.
1065742	Yanına bir şemsiye almadı.	3759790	Nie wzięła ze sobą parasolki.
3754315	Tom bunu üç kez yaptı.	3759792	Tom zrobił to trzy razy.
3486092	Bana bu sözlüğü verebilir misiniz?	3759796	Mógłbyś mi podać słownik?
3486092	Bana bu sözlüğü verebilir misiniz?	3759798	Czy mogłabyś podać mi słownik?
2022032	Seni izliyorum.	3759801	Obserwuję cię.
1468707	Toplantıya gitmem gerektiği konusunda onunla anlaştı.	3759805	Zgodziła się z nim, że muszę iść na spotkanie.
3443264	Tom göründüğünden daha akıllıdır.	3759807	Tom jest dużo mądrzejszy, niż wygląda.
1278396	Resmi görebiliyor musun?	3759808	Możesz zobaczyć obrazek?
1370929	Anladım.	3759809	Zrozumiałem.
1370929	Anladım.	3759810	Zrozumiałam.
2040607	O gerçek bir efsane.	3759812	To jest prawdziwa legenda.
1127118	Odaya girdiğimi uyarmak için Tom ve Mary birbirlerine bağıramayacak kadar çok meşguldü.	3759817	Tom i Mary byli tak zajęci wrzeszczeniem na siebie, że nie zauważyli jak wszedłem do pokoju.
636518	Nasıl şekerleme yapılacağını bilir.	3759823	Wiek jak robić cukierki.
2445649	Bir motel işletiyorum.	3759826	Prowadzę motel.
3068677	Onu güçlükle tanıyorum.	3759827	Ledwo go znam.
3068677	Onu güçlükle tanıyorum.	3759828	Ledwo ją znam.
3279296	Yanında kalabilir miyim? Gidecek hiçbir yerim yok.	3759832	Mogę zostać u ciebie? Nie mam dokąd pójść.
2030239	Bir müşteri ile birlikteyim.	3759833	Jestem z klientem.
1252521	Biz kazanmalıyız.	3759834	Musimy wygrać.
3716464	Tom çok yaramazdı, değil mi?	3759835	Tom był bardzo niegrzeczny, prawda?
2475940	Herkes her şeyi biliyor, değil mi?	3759837	Wszyscy wszystko wiedzą, co?
2475940	Herkes her şeyi biliyor, değil mi?	3759838	Wszyscy wszystko wiedzą, prawda?
2726869	Lütfen bunu çevirmeme yardım eder misiniz?	3759842	Mógłbyś mi proszę, pomóc to przetłumaczyć?
1765329	Kız kardeşine bluzünü ütületti.	3759843	Uprasowała siostrze bluzkę.
1370921	Biliyorum.	3759846	Wiem.
1214302	Yarın kazanamayabiliriz.	3759848	Jutro możemy nie wygrać.
2564460	Seni kurtaracağım.	3759850	Ochronię cię.
2564460	Seni kurtaracağım.	3759855	Uratuję cię.
3358716	Her zaman seninle olacak.	3759860	Zawsze będzie z tobą.
1049298	Bu nehir içinde yüzmek için tehlikelidir.	3759865	Niebezpiecznie jest pływać w tej rzece.
3746645	Tom hâlâ bekar mı?	3759868	Tom nadal jest wolny?
3746645	Tom hâlâ bekar mı?	3759870	Tom dalej jest wolny?
1200763	Tom ve Mary haftada iki veya üç kez biftek yiyorlar.	3759874	Tom i Mary jedzą stek dwa trzy razy w tygodniu.
1254362	Bazı kalemlerim var.	3759876	Mam kilka długopisów.
3599427	Büyükannem bile SMS gönderebilir.	3759880	Nawet moja babcia umie wysyłać smsy.
1252180	Beni tanıyor musun?	3759897	Poznajesz mnie?
403930	Sıkıldım.	2659355	Nudzę się.
403930	Sıkıldım.	3759900	Jestem znudzona.
2673304	Kar yağıyordu.	3759904	Padał śnieg.
2635406	Yalnız olmayı sevmiyorum.	3759911	Nie lubię być sama.
2505982	Senden şüphelenmiyorum.	3759913	Nie podejrzewam cię.
2082276	Birkaç değişiklik yaptım.	3759920	Zrobiłem kilka zmian.
2082276	Birkaç değişiklik yaptım.	3759921	Wprowadziłem kilka zmian.
1383994	Cookie'nin annesi kanserden öldü.	3759923	Mama Cookie zmarła na raka.
1041305	Lütfen sesi kısın.	3759926	Proszę ścisz dźwięk.
1041305	Lütfen sesi kısın.	3759929	Proszę, ścisz głos.
3524314	Bay Wood'un hiç çocuğu yoktu.	3759931	Pan Wood nie miał żadnych dzieci.
2702258	Bu sabah duş aldım.	3759937	Wziąłem prysznic dziś rano.
2702258	Bu sabah duş aldım.	3759938	Wzięłam dziś rano prysznic.
1643131	Bu bilet iki hafta için geçerlidir.	3759946	Ten bilet jest ważny przez dwa miesiące.
1035242	Genellikle saat altıda kalkarım.	2279895	Zazwyczaj wstaję o szóstej.
2017758	Ona adını sor.	3759950	Zapytaj go o imię.
2475626	Çok da eminmiş gibi durmuyorsun.	3759954	Nie wyglądasz zbyt pewnie.
1748578	Kaza otobanda gerçekleşti.	3759955	Wypadek miał miejsce na autostradzie.
1110104	Tom şimdi TV izlemiyor.	3759957	Tom nie ogląda teraz telewizji.
3716354	Geçen hafta burada değildim.	3759959	Nie było mnie tu w zeszłym tygodniu.
2558350	Yeterli mi?	3759960	Wystarczy?
2558350	Yeterli mi?	3759961	Czy to wystarczy?
2558350	Yeterli mi?	3759964	Czy tyle wystarczy?
3763454	O, partilerden nefret eder.	3764019	Ona nienawidzi przyjęć.
3763454	O, partilerden nefret eder.	3764021	On nienawidzi przyjęć.
3764085	Sen çirkin değilsin.	3764096	Nie jesteś brzydka.
3764081	Dün alışveriş merkezine gittim.	3764102	Poszłam wczoraj do centrum handlowego.
3764080	Çocuklarım çok yaramaz.	3764104	Moje dzieci są bardzo niegrzeczne.
3099231	Ne zaman eve döneceksin?	539853	Kiedy wrócisz do domu?
3864984	Size birkaç sorumuz var.	3864894	Mamy do ciebie kilka pytań.
3871129	Köyde beş inek var.	3871132	We wsi jest pięć krów.
3887760	Bu ilaç senin daha iyi hissetmeni sağlayacak.	3887800	To lekarstwo spowoduje, że szybciej poczujesz się lepiej.
3887755	Öleceksiniz.	3887802	Umrzecie.
3887754	Sonunda, göle geldik.	3887803	W końcu, przyszliśmy nad jezioro.
3887752	Bunu senin gözlerinde görebiliyorum.	3887804	Mogę to zobaczyć w twoich oczach.
3887751	Doktor, Hipokrat Yemini'ni çiğnedi.	3887806	Lekarz złamał przysięgę Hipokratesa.
3887748	Öğle yemeği ister misiniz?	3887809	Chcecie drugie śniadanie?
3887748	Öğle yemeği ister misiniz?	3887810	Czy mają Państwo ochotę na drugie śniadanie?
3887746	Dünden beri bilgisayarım bir kaçık gibi.	3887812	Od wczoraj komputer mi wariuje.
3887689	Biraz daha fazla işbirliği bekliyordum.	3887814	Oczekiwałam trochę więcej współpracy.
3887689	Biraz daha fazla işbirliği bekliyordum.	3887815	Oczekiwałem trochę więcej współpracy.
3887686	Çok fazla beklemiyorum.	3887816	Nie oczekuję zbyt wiele.
3887681	Bugün kötü hava bekliyoruz.	3887817	Dzisiaj oczekujemy złej pogody.
3887679	Tom gerçekten bunu beklemiyordu.	3887818	Tom naprawdę się tego nie spodziewał.
3887678	Beklediğim sen değilsin.	3887820	Nie jesteś taka, jak oczekiwałem.
3887677	Bizden ne bekliyorsun?	3887821	Czego od nas oczekujecie?
3887676	Ne bulmayı bekliyordun?	3887823	Co chciałeś znaleźć?
3887676	Ne bulmayı bekliyordun?	3887824	Co spodziewałeś się znaleźć?
3887675	Beklediğimden daha uzunsun.	3887826	Jesteś wyższa, niż się spodziewałem.
3887675	Beklediğimden daha uzunsun.	3887827	Jesteś wyższy, niż się spodziewałam.
3887674	Tom beklediğim değil.	3887828	Tom nie jest taki, jak myślałam.
3887674	Tom beklediğim değil.	3887829	Tom nie jest taki, jak przypuszczałam.
3887674	Tom beklediğim değil.	3887830	Tom nie jest taki, jak oczekiwałam.
3887673	Tom bu cevabı beklemiyordu.	3887831	Tom nie oczekiwał takiej odpowiedzi.
3887661	Jane Mary'nin ona yardım edeceğini umuyor.	3887833	Jane ma nadzieję, że Mary jej pomoże.
3887658	Tom herhangi bir yardım beklemiyordu.	3887834	Tom nie oczekiwał żadnej pomocy.
3887657	Sıcaklıklarda bir artış beklenmektedir.	3887835	Spodziewany jest wzrost temperatury.
3887656	Tom için büyük umutlarım vardı.	3887836	Mam dobre oczekiwania wobec Toma.
3887652	Çok daha fazla bekliyordum.	3887837	Oczekiwałam o wiele więcej.
3887651	Bugün seni beklemiyordum.	3887838	Nie spodziewałam się Ciebie dzisiaj.
3887649	Özel muamele beklemiyorum.	3887841	Nie oczekuje specjalnego traktowania.
3887642	Gerçekten istediğimiz biraz et.	3887846	Tak naprawdę chcemy trochę mięsa.
3887640	Tom herhangi bir ağrı kesici ilaç istemedi.	3887847	Tom nie chciał nic przeciwbólowego.
3887637	Bazı ilaçlar almam gerekiyor.	3887848	Muszę wziąć leki.
3887609	Evet, demek istediğim bu.	3887852	Tak, to jest to, co miałem na myśli.
3887607	Tom Mary'nin ne demek istediğini merak ediyordu.	3887855	Tom zastanawiał się, co Mary miała na myśli.
3887604	Tom Mary'nin ne demek istediğini anladı.	3887856	Tom zrozumiał, co Mary miała na myśli.
3887603	Ne demek istediğimi düşünüyordun?	3887858	Myślałeś, że co miałam na myśli?
3887601	Tom'un kızamığı yok.	3887861	Tom nie ma odry.
3887597	Beni kim gördü.	3887862	Kto mnie widział?
1300601	Onun bir kedisi ve iki köpeği var.	814445	On ma kota i dwa psy.
2578285	Siz kız kardeş misiniz?	3664686	Jesteście siostrami?
4043749	Bütün arkadaşlarım onu seviyor.	4043754	Wszyscy moi przyjaciele go lubią.
2591123	Aynı fikirde değildik.	4043905	Nie zgodziliśmy się.
4408544	Çocuk gülmek yerine ağlıyor.	4408519	Dziecko płacze, zamiast się śmiać.
4408549	Ben birçok gündür burada çalışıyorum.	4408507	Pracuję tu już od wielu dni.
4408550	Ben günlerdir burada çalışıyorum.	4408507	Pracuję tu już od wielu dni.
4408607	Bu daire çok pahalı.	4408602	To mieszkanie kosztuje za dużo.
4408609	O küçük bir köpek kulübesi inşa etti.	4408601	Zrobił małą psią budę.
4408618	Tanrı her yerde olamazdı. Bu yüzden anneleri yarattı.	4408597	Bóg nie mógł być wszędzie, dlatego stworzył matki.
4408626	Çocuklar mutlu olacaklar.	4408595	Chłopcy będą szczęśliwi.
4408633	Ben gölde bir balığım.	4408593	Łowię ryby nad jeziorem.
4408636	Tom' un odası ne tarafta ?	4408583	Gdzie jest pokój Toma?
373321	Nasılsın?	349992	Jak się masz?
1414483	Bu çok ilginç bir kitaptır.	4461209	To jest bardzo ciekawa książka.
4514426	Yalnızca biraz zamana ihtiyacımız var.	4650706	Potrzebujemy trochę czasu na osobności.
2006847	Onlar kötü kokuyor.	4650707	Oni brzydko pachną.
2006847	Onlar kötü kokuyor.	4650708	One brzydko pachną.
1978921	Midilli küçük bir attır.	4650710	Kucyk to mały koń.
1335046	O, oğluna bir kamera aldı.	4650716	Ona kupiła synowi aparat.
1335046	O, oğluna bir kamera aldı.	4650718	On kupił synowi aparat.
4162785	Tom nedenini bilmeyecek.	4650720	Tom nie będzie znał powodu.
3890333	Dün gece kiminle birlikteydin?	4650722	Z kim byłeś zeszłej nocy?
3714367	Tom, Mary'nin yanağını öptü.	4650725	Tom pocałował policzek Mary.
3532168	Kendi rüyasına inanamıyor.	4650728	Nie wierzy we własny sen.
3791809	Oraya bir kez daha gitmek istiyorum.	4650729	Chcę tam pojechać jeszcze raz.
3083182	Birlikte taşınmayı düşünüyorlar.	4650733	Myślą o wspólnej przeprowadzce.
2017333	Sen en uzunsun.	4650737	Ty jesteś najwyższy.
1422072	O, karıncalardan kurtulmaya çalıştı.	4650739	Próbował pozbyć się mrówek.
854541	Almanca konuşur musun?	2987913	Mówisz po niemiecku?
4477661	Genç bir kadın dün bana geldi.	4650747	Wczoraj przyszła do mnie młoda kobieta.
4404464	Onların makalelerine yorum yapmıyorum.	4650748	Nie komentuję ich artykułów.
4104888	Bunu nasıl kanıtlayabilirim?	4650749	Jak mogę to udowodnić?
1168964	Tom Mary ile asla tanışmamış olmayı diledi.	4650750	Tom marzył
1044477	Hiçbir şeye söz veremem fakat elimden geleni yapacağım.	4650752	Nic nie mogę obiecać, jednak zrobię co w mojej mocy.
3932250	Gerçekten, gerçekten yorgunum.	4650753	Jestem naprawdę, naprawdę zmęczona.
3611555	Gerçekleri istiyorum.	4650754	Chcę faktów.
1430899	O, sık sık onu ziyaret eder, ancak asla uzun kalmaz.	4650759	Odwiedza go od czasu do czasu, jednak nigdy nie zostaje na długo.
1329731	Bir haftadır buradayım.	4658290	Jestem tu od tygodnia.
3166769	Tom'un sadece bir bacağı var.	3479387	Tom ma tylko jedną nogę.
4834123	Yemek yerken ağzında yemekle konuşma.	355741	Nie mów z pełnymi ustami.
4834127	Telefonda konuştuğunu duydum.	4834132	Słyszałam jak rozmawiałeś przez telefon.
4834109	Onun yüzünü hatırlayabiliyorum ama onun adını hatırlayamıyorum.	4834138	Mogę przypomnieć sobie jego twarz, ale nie przypominam sobie jego imienia.
4834111	Tom fiyatı otuz dolar düşürürsem onu alacağını söyledi.	4834143	Tom powiedział że to kupi jeśli opuszczę cenę o 30 dolarów.
4834108	Şüphelilerin çoğu tutuklandı.	4834145	Aresztowano większość podejrzanych.
4834107	Onu yapmasan ne olur?	4834147	Co się stanie jak tego nie zrobisz?
4834097	Tom beni geri çağırdı.	4834149	Tom zawołał mnie z powrotem.
4834094	Ofisim beşinci katta bulunuyor.	4834151	Moje biuro znajduje się na piątym piętrze.
4834091	Tom seninle Mary hakkında konuştu mu?	4834152	Czy Tom rozmawiał z tobą o Mary?
4834090	Şu an, ofiste kimse yok.	4834154	W tej chwili nie ma nikogo w biurze.
4834087	Maç için iki tane biletim var.	4834155	Mam dwa bilety na mecz.
4834086	Herhangi birinin bana ihtiyacı olursa burada ofisimde olacağım.	4834158	Jeśli ktoś będzie mnie potrzebował, będę tutaj w swoim biurze.
4834059	Elektrikli ev aletleri ev işini daha kolay yaptı.	4834160	Elektroniczne sprzęty ułatwiły prace domowe.
4834051	Bir kadınsız yaşayamam.	4834163	Nie potrafię żyć bez kobiety.
4834039	Şikayet etmeni dinlemek istemiyorum.	4834164	Nie chcę słuchać twojego narzekania.
4834037	Senin öyle diyebileceğini hiç düşünmedim.	4834166	Nie wiedziałem że możesz coś takiego powiedzieć.
4834036	Çantama ne oldu?	951095	Co się stało z moją torbą?
4834031	Kapıda bir aslan heykeli vardı.	4834168	W drzwiach był pomnik lwa.
4834431	Senin yeni telefon numaran ne?	4834436	Jaki jest twój nowy numer telefonu?
4834423	Ben bu ikisinin arasında seçim yapmak zorundayım.	4834438	Muszę wybrać pomiędzy tymi dwoma.
4834419	Ben Çingene şarkıları söylerim.	4834440	Śpiewam cygańskie piosenki.
4834411	Ona ne yapmak istiyorsun?	4834442	Co chcesz mu zrobić?
4834315	Kız kardeşim yirmi bir yaşında bir üniversite öğrencisidir.	4834444	Moja siostra ma dwadzieścia jeden lat, jest studentką na uniwersytecie.
4834312	Onlar bu meyvenin senin sağlığın için iyi olduğunu söylüyorlar.	4834445	Mówią że ten owoc jest dobry dla twojego zdrowia.
4834297	O bir doktor mu yoksa bir hasta mı?	4834448	On jest lekarzem, czy pacjentem?
4834295	Kitaplar benim alternatif gerçekliğimdir.	4834450	Książki są moją alternatywną rzeczywistością.
4834283	Sakin ol ve her şey sonunda iyi olacak.	4834452	Uspokój się i na koniec wszystko będzie dobrze.
4840918	Üniversiteden mezun olduktan sonra iki yıl İngilizce öğretti.	461122	Po skończeniu uniwersytetu przez dwa lata uczył angielskiego.
4869865	Ljubljana, Slovenya'nın başkentidir.	4869916	Lublana jest stolicą Słowenii.
3763454	O, partilerden nefret eder.	4935730	Ona nienawidzi imprez.
5032466	Telefon, onsuz yapamayacağın bir şeydir.	412897	Telefon to coś, bez czego nie sposób się obejść.
5104763	Evet, merak etmeyin!	5105297	Tak, nie martwcie się.
5104757	Birkaç açıklama ekleyeceğim.	5105298	Dodam kilka objaśnień.
5104750	Tom sütü unuttu.	5105299	Tom zapomniał mleka.
5104747	Ben yemek pişirmekten nefret ederim, ya sen?	5105300	Nienawidzę gotować, a ty?
5104742	Birlikte gerçekten mutlu muyduk?	5105301	Czy naprawdę byliśmy razem szczęśliwi?
5104739	Bu hafta okulda bir Almanca testim var.	5105303	W tym tygodniu mam w szkole test z niemieckiego.
5104728	Tom yarın dönecek.	5105304	Tom wróci jutro.
5104726	Kurs on dört gün sürecek.	5105305	Kurs będzie trwał czternaście dni.
5104724	İşleri değiştirme hakkında düşünüyorum.	5105306	Myślę o zmianie pracy.
5104722	Senin kızının adı nedir?	5105307	Jak ma na imię twoja córka?
5104720	Sen evini satacaksın.	5105308	Sprzedasz swój dom.
5104679	Ben bir lisans derecesi aldım.	5105310	Zrobiłem licencjat.
5104665	Onlar şarkı söylemeyi sever.	5105311	Oni kochają śpiewać.
5104663	Gerçekten soğuk!	5105312	Jest naprawdę zimno.
5104660	Bunu yapmadan önce düşünün.	5105313	Pomyśl zanim to zrobisz.
5104630	Büyükbabanız kaç yaşında?	5105314	Ile lat ma wasz dziadek?
5104619	Herkes beni sever.	5105315	Wszyscy mnie kochają.
5104614	Birçok insan anlayamadığı şeyden korkar.	5105316	Wielu ludzi boi się rzeczy których nie rozumie.
5104612	Sen çok yeteneklisin.	5105317	Jesteś bardzo utalentowany.
5104593	Işığı açmak ister misin?	5105318	Chcesz zapalić światło?
5104578	Beni bırakır mısın?	5105319	Czy możesz mnie zostawić?
5104543	Her şey bu cevaba işaret ediyordu.	5105320	Wszystko wskazywało na tę odpowiedź.
5104522	Ateşin var mı? Yanakların kırmızıdır.	5105321	Masz gorączkę? Twoje policzki są czerwone.
5104509	Sol elini kaldır.	919777	Podnieś lewą rękę.
5104491	Becerilerin var mı?	5105323	Masz jakieś umiejętności?
5104490	Onun düşük maaşı onun ev satın almasını engeller.	5105324	Jego niska pensja przeszkadza mu w zakupie domu.
5104489	Burada İngilizce konuşan biri var mı?	5105325	Czy jest tu ktoś kto mówi po angielsku?
5104483	Senin sözlerin onu çok daha iyi hissettirdi.	5105326	Twoje słowa spowodowały że poczuł się dużo lepiej.
5104459	Sen kendi işini önemsemelisin.	5105327	Powinieneś skupić się na własnej pracy.
5104458	Her sabah 6'da onu uyandırırım.	5105328	Budzę go codziennie o 6 rano.
5104451	O her zaman randevularına vaktinde gelir.	5105329	Zawsze przychodzi o czasie na spotkania.
5104431	Onun popülerliği hakkında şüphelerim var.	5105330	Mam wątpliwości co do jego popularności.
5104297	Sen Japonca hakkında ne düşünüyorsun?	5105331	Co myślisz o japońskim?
5104162	Eğer anlamıyorsan bir soru sor.	5105333	Zapytaj jeśli nie rozumiesz.
5104160	O onu elinden öptü.	5105334	Pocałował ją w rękę.
5104152	O, telefonuna cevap vermiyor.	5105335	Nie odbiera telefonu.
5104132	Sinemaya mı gitmek istiyorsun yoksa tiyatroya mı?	5105336	Chcesz iść do kina, czy do teatru?
5104127	Herhangi bir şeye ihtiyacım yok, teşekkürler.	5105337	Dziękuję, niczego nie potrzebuję.
5104106	Onun böyle bir şey yapması inanılmaz.	5105339	Niewiarygodne żeby zrobił coś takiego.
5104105	Bütün dağ sonbaharda renk değiştirir.	5105341	Cała góra zmienia jesienią kolor.
5104101	Benim gibi ol ve bir kadeh şarap iç.	5105343	Bądź jak ja i wypij kieliszek wina.
5104064	Anderson köpeklerden çok korkuyor.	5105346	Anderson bardzo boi się psów.
5104062	Bu makale vejetaryenlerle alay ediyor.	5105349	Ten artykuł wyśmiewa wegetarian.
5104040	Ağaç yanıyor.	5105352	Drzewo się pali.
5104018	Eğer bilseydim sana söylerdim.	5105355	Powiedziałbym ci gdybym wiedział.
5103918	Benim kötü bir mide ağrım vardı.	5105358	Bardzo bolał mnie żołądek.
5103882	Mark şeylerini aldı ve gitti.	5105360	Mark wziął swoje rzeczy i poszedł.
5103841	Sana güvenmekle aptallık ettim.	5105363	Byłem głupi ufając ci.
5103839	O bunun için sorumlu.	5105368	On jest za to odpowiedzialny.
5103781	Şimdi sorumluluğu üstüme alacağım.	5105370	Teraz ja przejmę odpowiedzialność na siebie.
5103779	Felicja TV izlemeyi seviyor.	919671	Felicja lubi oglądać telewizję.
5103776	Dört gündür yatakta hasta.	5105373	Od czterech dni leży chory.
5103774	O şu anda tehlikede.	5105374	Jest teraz w niebezpieczeństwie.
5103708	Annem harika bir kadındı.	5105375	Moja mama była cudowną kobietą.
5103707	Senin yerinde olsam doktoru ararım.	5105377	Na twoim miejscu zadzwoniłabym do lekarza.
5103705	O yarın geri gelecek.	5105378	Wróci jutro.
5103704	O bir şeyi açıklamak istiyor.	5105379	Chce coś wyjaśnić.
5103699	Orijinal dilin ne olduğunu bilmem gerekiyor.	5105380	Muszę wiedzieć jaki jest oryginalny język.
5103684	O üniversitede ikinci yılında.	5105382	Jest na drugim roku studiów.
5103621	Yer var.	5105386	Jest miejsce.
5103612	Çabuk buraya gel!	5105388	Chodź tu szybko!
5103601	Bizim başka bir seçeneğimiz yok.	5105389	Nie mamy innego wyboru.
5103559	Bisikletime dokunma!	5105391	Nie dotykaj mojego roweru.
5103548	Ona gerçeği sen söyle.	5105394	Ty powiedz mu prawdę.
5103546	Bir sonraki uçağın ne zaman geleceğini ona sor.	5105397	Zapytaj się go kiedy przyleci następny samolot.
5103454	Ona kitabı iade etmelisin.	5105399	Powinnaś oddać mu książkę.
5103431	Tom'un aksanı hakkında bir şaka yaptım.	5105400	Zażartowałem z akcentu Toma.
5103425	Tom Mary'den bir kredi istedi.	5105401	Tom chciał pożyczkę od Mary.
5103388	Onu hissedemiyor musun?	5105404	Nie czujesz tego?
5103381	O benim de düşündüğüm şey!	5105405	Myślałam o tym samym.
5103378	Çiçeklerime dokunma.	5105407	Nie dotykaj moich kwiatów.
5103313	Onun gerçek arkadaşları yok.	5105408	Nie ma prawdziwych przyjaciół.
5103298	Plastik bir su bardağım var.	5105409	Mam plastikową szklankę.
5103296	Tom nedir?	5105410	Czym jest Tom?
5103287	Sen bununla içeri giremezsin.	5105411	Nie możesz z tym wejść do środka.
5103274	Tom ne zaman markete gitti?	5105413	Kiedy Tom poszedł do sklepu?
5103272	O, karısını mutlu etmeye çalıştı ama boşuna.	5105414	Próbował uszczęśliwić żonę, ale na próżno.
5103020	O emirleri dinlemekten başka seçeneğim yok.	5105416	Nie mam innego wyboru niż słuchać tych rozkazów.
5103017	Tom odaya yürüdü.	5105418	Tom poszedł do pokoju.
5117110	Henüz hiç kimse gelmedi, ama en 50 öğrenci bekliyoruz.	1352235	Nikt się jeszcze nie pokazał, ale oczekujemy co najmniej pięćdziesięciu studentów.
5183247	Ben bunun bir şaka olduğunu düşündüm.	5183674	Myślałem, że to był żart.
5183247	Ben bunun bir şaka olduğunu düşündüm.	5183675	Myślałam, że to był żart.
5183162	Önümde uzun bir yol var.	5183679	Przede mną długa droga.
5183151	Onların suçlamaları doğru olabilir.	5183681	Ich oskarżenia mogą być prawdziwe.
5182904	Sana hareket etmemeni söylemiştim.	5183684	Powiedziałem ci, żebyś się nie ruszał.
5182904	Sana hareket etmemeni söylemiştim.	5183687	Powiedziałam ci, żebyś się nie ruszał.
5182903	Tom ne kadar ağır yaralandı?	5183689	Jak ciężko ranny jest Tom?
5182891	Gerçekten gitmemi istiyor musun?	5183692	Naprawdę chcesz, żebym sobie poszedł?
5182891	Gerçekten gitmemi istiyor musun?	5183693	Czy naprawdę chcesz, żebym sobie poszedł?
5182891	Gerçekten gitmemi istiyor musun?	5183695	Naprawdę chcesz, żebym sobie poszła?
5182891	Gerçekten gitmemi istiyor musun?	5183696	Czy naprawdę chcesz, żebym sobie poszła?
5182522	O sadece dikkat istiyor.	5183699	Ona tylko chce uwagi.
5182522	O sadece dikkat istiyor.	5183700	On tylko chce uwagi.
5182513	Kibritin var mı?	5183701	Czy masz zapałkę?
5182513	Kibritin var mı?	5183702	Masz zapałkę?
5182477	Onun paraya ihtiyacı var.	2145214	On potrzebuje pieniędzy.
5182477	Onun paraya ihtiyacı var.	2299162	Ona potrzebuje pieniędzy.
5182470	Bu üç dakikadan daha fazla sürmedi.	5183707	To nie trwało więcej niż trzy minuty.
5182455	Değişiklikler yer alıyor.	5183711	Zachodzą zmiany.
5182448	Tom kartlarını masaya koydu.	5183713	Tom położył swoje karty na stole.
5182280	Tom iyi bilinmektedir.	5183717	Tom jest dobrze znany.
5182255	Bunun doğru olduğunu düşünüyorum.	591496	Myślę, że to prawda.
5182205	Tom yıllardır Mary ile konuşmuyor.	5183723	Tom nie rozmawia z Mary od lat.
5182186	İnsanların söylediği şey bu.	5183726	To jest to, co mówią ludzie.
5182176	Tom yerden kalktı.	5183728	Tom podniósł się z ziemi.
5182176	Tom yerden kalktı.	5183729	Tom podniósł się z podłogi.
5182144	O orada ne yapıyordu?	5183731	Co on tam robił?
5182144	O orada ne yapıyordu?	5183732	Co ona tam robiła?
5182142	O tutuklandı ve bir casus olmakla suçlandı.	5183733	Została aresztowana i oskarżona o bycie szpiegiem.
5182142	O tutuklandı ve bir casus olmakla suçlandı.	2211915	Została aresztowana i oskarżona o szpiegostwo.
5182141	Onunla ilgili gerçekten ne düşünüyorsun?	5183736	Co tak naprawdę o niej myślisz?
5182141	Onunla ilgili gerçekten ne düşünüyorsun?	5183737	Co tak naprawdę o nim myślisz?
5182115	O, ailesine utanç getirdi.	5183739	Przyniósł wstyd swojej rodzinie.
5182115	O, ailesine utanç getirdi.	5183741	Przyniosła wstyd swojej rodzinie.
5182098	Onun bunu gördüğünü umuyorum.	5183743	Mam nadzieję, że to zobaczy.
5182068	O bana yardım edeceğini söyledi.	5183746	Powiedział, że mi pomoże.
5182068	O bana yardım edeceğini söyledi.	5183748	Powiedziała, że mi pomoże.
5182053	Balinalar balık değildir. Onlar memelilerdir.	5183753	Wieloryby nie są rybami. Są ssakami.
5182053	Balinalar balık değildir. Onlar memelilerdir.	5183754	Wieloryby to nie ryby. To ssaki.
5182039	Merak etmeyin. O ne yaptığını bilir.	5183757	Niech się Pan nie martwi. Ona wie, co robi.
5182039	Merak etmeyin. O ne yaptığını bilir.	5183760	Niech się Pani nie martwi. Ona wie, co robi.
5182039	Merak etmeyin. O ne yaptığını bilir.	5183761	Nie martwcie się. Ona wie, co robi.
5182039	Merak etmeyin. O ne yaptığını bilir.	5183764	Nie martwcie się. On wie, co robi.
5182037	O bir fotoğrafik hafızaya sahip.	5183767	On ma fotograficzną pamięć.
5182037	O bir fotoğrafik hafızaya sahip.	5183768	Ona ma fotograficzną pamięć.
5182034	Bilgisayarlar bizden daha iyi.	5183769	Komputery są lepsze od nas.
5182008	Ben de bunu fark ettim.	5183774	Też to zauważyłem.
5182008	Ben de bunu fark ettim.	5183775	Też to zauważyłam.
5182006	Yaşlı adam parkta yürüyüş yapıyor.	5183783	Starszy mężczyzna przechadza się po parku.
5181716	Tom gözlerini ardına kadar açtı.	5183785	Tom szeroko otworzył oczy.
5181706	Bunu kabul ediyor musun?	5183786	Czy zgadzasz się na to?
5181706	Bunu kabul ediyor musun?	5183788	Zgadzasz się na to?
5181695	Listemdeki her şeyi yaptım.	5183791	Zrobiłem wszystkie rzeczy z mojej listy.
5181695	Listemdeki her şeyi yaptım.	5183793	Zrobiłam wszystkie rzeczy z mojej listy.
5181695	Listemdeki her şeyi yaptım.	5183795	Zrobiłem wszystko z mojej listy.
5181695	Listemdeki her şeyi yaptım.	5183796	Zrobiłam wszystko z mojej listy.
5181679	O genç bir üniversite öğrencisi.	5183800	Jest młodą studentką.
5181679	O genç bir üniversite öğrencisi.	5183801	Jest młodym studentem.
5181676	Zaten çok fazla biliyorsun.	5183802	Już wiesz za dużo.
5181559	Piknik yapmak için güzel bir yer buldum.	5183803	Znalazłem ładne miejsce, żeby urządzić piknik.
5181559	Piknik yapmak için güzel bir yer buldum.	5183804	Znalazłam ładne miejsce, żeby urządzić piknik.
5181521	Bu sadece hikayenin yarısı.	5183806	To tylko połowa historii.
5181521	Bu sadece hikayenin yarısı.	5183807	To dopiero połowa opowiadania.
5181496	Birkaç kilo kaybetmem gerekiyor.	5183811	Muszę schudnąć parę kilo.
5181483	Aradım ama onu bulmadım.	5183814	Szukałem, ale go nie znalazłem.
5181483	Aradım ama onu bulmadım.	5183815	Szukałam, ale go nie znalazłam.
5181483	Aradım ama onu bulmadım.	5183816	Szukałem, ale jej nie znalazłem.
5181483	Aradım ama onu bulmadım.	5183817	Szukałam, ale jej nie znalazłam.
5181483	Aradım ama onu bulmadım.	5183818	Szukałem, ale tego nie znalazłem.
5181483	Aradım ama onu bulmadım.	5183821	Szukałam, ale tego nie znalazłam.
5181477	Tom sana bir kitap vereceğini söyledi.	5183822	Tom powiedział, że da ci książkę.
5181467	Beyaz şemsiye sizin.	5183824	Biała parasolka jest wasza.
5181467	Beyaz şemsiye sizin.	5183825	Biała parasolka jest Pana.
5181467	Beyaz şemsiye sizin.	5183826	Biała parasolka jest Pani.
5181453	Neden bu cümleyi çevirdin?	5183827	Dlaczego przetłumaczyłeś to zdanie?
5181453	Neden bu cümleyi çevirdin?	5183828	Dlaczego przetłumaczyłaś to zdanie?
5183257	Bir şey saklamana gerek yok.	5183836	Nie musisz nic ukrywać.
5182468	Bu üç dakikadan daha fazla sürmeyecek.	5183838	To nie zajmie więcej niż trzy minuty.
5182420	Ben ofiste olacağım.	3632732	Będę w biurze.
5182418	Sadece İngilizce konuşabiliyorum.	5183842	Mówię tylko po angielsku.
5182338	Yetişeceğim bir otobüs var.	5183844	Muszę złapać autobus.
5182338	Yetişeceğim bir otobüs var.	5183845	Muszę zdążyć na autobus.
5180504	Kocama söyleme.	5183854	Nie mów mojemu mężowi.
5180462	Onlar çocuklarını ormanda terk etti.	5183855	Porzucili dzieci w lesie.
5180456	Ondan telefon numarasını istedim.	5183857	Poprosiłem go o numer telefonu.
5180456	Ondan telefon numarasını istedim.	5183859	Poprosiłam go o numer telefonu.
5180456	Ondan telefon numarasını istedim.	5183861	Poprosiłam ją o numer telefonu.
5180456	Ondan telefon numarasını istedim.	5183863	Poprosiłem ją o numer telefonu.
5180448	O ilk hamleyi yaptı.	5183864	Ona zrobiła pierwszy krok.
5180448	O ilk hamleyi yaptı.	5183866	On zrobił pierwszy krok.
5180427	Kızım beni dinlemeyecek.	5183869	Moja córka nie chce mnie słuchać.
5180390	O yalnız olduğunu söylüyor.	5183871	Ona mówi, że jest samotna.
5180390	O yalnız olduğunu söylüyor.	5183873	On mówi, że jest samotny.
5180390	O yalnız olduğunu söylüyor.	5183874	Mówi, że jest samotny.
5180390	O yalnız olduğunu söylüyor.	5183875	Mówi, że jest samotna.
5180390	O yalnız olduğunu söylüyor.	5183876	Mówi, że był samotny.
5180390	O yalnız olduğunu söylüyor.	5183878	Mówi, że była samotna.
5180390	O yalnız olduğunu söylüyor.	5183879	Ona mówi, że była samotna.
5180390	O yalnız olduğunu söylüyor.	5183880	On mówi, że był samotny.
5180369	O yemeği yiyemem.	5183884	Nie mogę jeść tego jedzenia.
5180322	Babam hiçbir şey söylemedi.	5183885	Mój ojciec niczego nie powiedział.
5180270	Onu çok nadiren görüyorum.	5183887	Bardzo rzadko go widuję.
5180270	Onu çok nadiren görüyorum.	5183888	Bardzo rzadko go widzę.
5179604	Bunu neden yapıyorsun, Tom?	5183892	Dlaczego to robisz, Tom?
5179555	Bekleyelim. Tom yakında dönecek.	5183893	Poczekajmy. Tom niedługo wróci.
5190207	Ben eskisi kadar iyi bir şoför değilim.	5190279	Nie jestem tak dobrym kierowcą jak kiedyś.
5190205	Ben Tom'un yeni saç stiline alışıyorum.	5190280	Przyzwyczajam się do nowej fryzury Toma.
5190193	Birkaç yıl önce oraya çok giderdim.	5190283	Jeździłem tam kilka lat temu.
5190190	Ben oğlumun basketbol takımını eğitirdim.	5190284	Uczyłem drużynę koszykarską mojego syna.
5190180	Sen eskisinden çok daha ağırsın.	5190286	Jesteś cięższa niż kiedyś.
5190178	Sen bana eskiden tanıdığım birini hatırlatıyorsun.	5190288	Przypominasz mi kogoś, kogo kiedyś poznałem.
5190154	Benimle aynı fikirde olmayan insanlara alışkınım.	5190289	Przyzwyczaiłem się do osób, które się ze mną nie zgadzają.
5190152	Ben beni sevmeyen insanlara oldukça alışkınım.	5190292	Jestem w miarę przyzwyczajony do osób, które nie darzą mnie sympatią.
5190151	Ben Chuck's Bar and Grill'de çalışırdım.	5190293	Pracowałem w Chuck's Bar and Grill.
5190150	Ben sadece haftada bir kez saçımı yıkardım.	5190294	Myłem włosy tylko raz w tygodniu.
5190146	Ben muhtemelen bunu yapmaya alışabilirim.	5190299	Prawdopodobnie mogę się przyzwyczaić do robienia tego.
5190145	Sen eskisinden çok daha şişmansın.	5190301	Jesteś dużo grubsza niż kiedyś.
5190137	Ben hâlâ bir kask giymeye alışkın değilim.	5190302	W dalszym ciągu nie jestem przyzwyczajony do noszenia kasku.
5190016	Tom her pazartesi tenis oynardı.	5190306	Tom grał w tenisa w każdy poniedziałek.
5190011	Tom eskisi gibi utangaç çocuk değil.	5190308	Tom nie jest już wstydliwym dzieckiem jakim był kiedyś.
5190001	Tom ve Mary iyi arkadaşlardı.	5190309	Tom i Mary byli przyjaciółmi.
5189997	Tom ve Mary en iyi arkadaşlardı.	5190311	Tom i Mary byli najlepszymi przyjaciółmi.
5189989	Tom ve ben bir daireyi paylaşırdık.	5190312	Dzieliliśmy mieszkanie z Tomem.
5189982	Tom'un bana her zaman bağırmasına alışkınım.	5190313	Jestem przyzwyczajony do tego, że Tom ciągle na mnie krzyczy.
5189972	Tom bana bir sürü tavsiye verirdi.	5190318	Tom dał mi kilka rad.
5189961	Buna alışmak biraz sürecek.	5190327	Trochę zajmie zanim się do tego przyzwyczaję.
5189957	Ben hâlâ buradaki yemeğe alışkın değilim.	5190328	Jeszcze nie przyzwyczaiłem się do tutejszego jedzenia.
5189952	Ben karda araba sürmeye alışkın değilim.	5190330	Nie jestem przyzywczajony do jazdy samochodem w śniegu.
5189969	Tom bizim çalışanlarımızdan biriydi.	5190333	Tom był jednym z naszych pracowników.
5189961	Buna alışmak biraz sürecek.	5190335	Przyzwyczajenie się do tego trochę zajmie.
5189888	Senin birlikte çalıştığın bir adam tanıyorum.	5190340	Znam mężczyznę z którym pracujesz.
5189868	Ben plaja gitmeyi severdim.	5190343	Kochałam chodzić na plażę.
5189866	Her yaz kamp yapmaya giderdim.	5190345	Jeździłem na obozy letnie.
5201414	Bu şimdiye kadar gördüğüm en güzel göl.	5201417	To jest najpiękniejsze jezioro jakie kiedykolwiek widziałem.
5333304	Bu çorba benim için çok suludur.	3034922	Ta zupa jest dla mnie zbyt wodnista.
861296	Şimdi okumuyorum.	356891	Teraz się nie uczę.
4591213	Onun ne söylemeye çalıştığını anlamak bir süremi aldı.	3502746	Zajęło mi chwilę, zanim zrozumiałem, co próbowała powiedzieć.
2829097	Hava çok iyiydi.	1491020	Pogoda była bardzo dobra.
2590478	Müdahale etmeliyiz.	6092780	Musimy interweniować.
2685842	Bir sürü insan oradaydı.	6141794	Było tam dużo ludzi.
870252	Koşuyor.	6160752	Biegnie.
5142603	Hatred'in anlamını bilmiyorum.	6217031	Nie wiem co znaczy nienawiść
6217996	Sen de aç mısın?	6305566	Też jesteś głodny?
6217996	Sen de aç mısın?	6305567	Też jesteś głodna?
5356847	İçmeyin.	6309086	Nie pij.
2941474	O tamamen boyayla kaplanmıştı.	6396843	On był cały w farbie.
1915216	Kendisine yöneltilen sorulara cevap vermekten kaçındı.	6396863	On odmówił odpowiedzi na zadane mu pytania.
1266068	Beceriksizliğimi affedin.	368147	Przepraszam za moją niezręczność.
707756	Dünyada yedi bini aşkın dil vardır.	1180546	Na świecie jest ponad siedem tysięcy języków.
4635590	Üstlerine gitme.	6602301	Daj im odpocząć.
6736373	Güzel bir kentte yaşıyoruz.	6714450	Żyjemy w pięknym mieście.
6736372	Biz güzel bir şehirde yaşıyoruz.	6714450	Żyjemy w pięknym mieście.
1518790	Fransa Batı Avrupa'dadır.	1518701	Francja znajduje się w Europie Zachodniej.
6479244	Tom, Mary'nin meşgul gibi göründüğünü söyledi.	6935637	Tom powiedział, że Mary wyglądała na zajętą.
5690402	Sadece Tom'u güvenli bir şekilde eve götürmek istiyorum.	6935639	Chcę tylko zawieźć Tom'a bezpiecznie do domu.
3227659	Bunu nasıl yapacağız?	6935645	Jak to zrobimy?
3187580	Sadece bir ya da iki bira içeceğim.	6935646	Wypiję tylko jedno albo dwa piwa.
3013990	Burası Copacabana!	3452372	To jest Copacabana!
7084375	Ya feminizm? Feminizm baresinde ne düşünüyorsun?	937240	A feminizm? Co myślisz o feminizmie?
7084376	Ya hatunculuk? Hatunculuk baresinde ne düşünüyorsun?	937240	A feminizm? Co myślisz o feminizmie?
3625734	Ben bu daireyi seviyorum. Yer iyi ve ayrıca, kira çok yüksek değil.	7303768	Podoba mi się to mieszkanie. Lokalizacja jest dobra, a poza tym czynsz nie jest bardzo wysoki.
2566756	Şaka yapıyordum.	718963	Żartowałem.
2566756	Şaka yapıyordum.	3604798	Żartowałam.
5555085	Üç çocuk parkta oynuyor.	7558740	Trójka dzieci bawi się w parku.
1209497	Yatak odanı paylaştığın kıza ne oldu?	7703082	Co stało się z dziewczyną, z którą dzieliłeś pokój?
6899542	Tom eve geliyor, değil mi?	7705645	Tom wraca do domu, prawda?
1344221	O, yarışta beşinci geldi.	7710765	Ukończył zawody na piątym miejscu.
3458734	Merak ediyordum, bu akşam benimle bir filme gitmek ister misin?	7730217	Zastanawiałem się czy chciałbyś pójść ze mną oglądąć film dzisiaj wieczorem?
7749802	Onlar onu kazadan dolayı suçladılar.	7743793	Obwinili go za wypadek.
7749808	Ayrıca onun güzel bir kedisi var.	7730331	Oprócz tego ona ma ładnego kota.
5829809	Hayattayım.	7913205	Żyję.
2028722	Yaşayacağımızı umuyorum.	2726990	Mam nadzieję, że przetrwamy.
2508722	Belki Tom suçlu.	8116220	Prawdopodobnie Tom jest winny.
8266856	Ona beyhude yere inandık.	6300181	Niepotrzebnie mu uwierzyliśmy.
8266858	Başkalarını kıskanma alışkanlığı var.	702953	On zazdrości innym.
8518154	Korkunç !	8518137	Urosłeś.
8559171	Ülkemin Avrupa Birliği üyesi olmasını istemiyorum.	8559189	Nie chcę, żeby mój kraj stał się członkiem Unii Europejskiej.
4256151	Vikipedi'ye hoş geldiniz.	4256194	Witaj w Wikipedii.
1680182	Pazar haftanın ilk günüdür.	8722967	Niedziela jest pierwszym dniem tygodnia.
8317931	Uranüs bir gezegendir.	4507846	Uran jest planetą.
8317936	Uranüs gezegendir.	4507846	Uran jest planetą.
631316	Burada güvende miyim?	8739276	Czy jestem tu bezpieczny?
4121392	Tom'un masasında bir yığın çizgi roman var.	8881795	Na biurku Toma jest stos komiksów.
403981	Bir, iki, üç, dört, beş, altı, yedi, sekiz, dokuz, on.	1465638	Jeden, dwa, trzy, cztery, pięć, sześć, siedem, osiem, dziewięć, dziesięć.
9019844	Arabayı bu caddeye park etmemelisiniz.	723902	Nie wolno parkować na tej ulicy.
3974158	Avukat değilsin.	2734183	Nie jesteś adwokatem.
1082332	Beni istasyona kadar götürebilir misiniz?	9038843	Czy podwieziesz mnie na stację?
9160532	Bütün odayı (daireyi) temizlemeliyiz.	3461225	Musimy posprzątać całe mieszkanie.
9575364	Tom'u aramak için geç değil.	8529698	Nie jest za późno żeby zadzwonić do Toma.
9575372	Tom'u aramak için şu an geç değil.	8529698	Nie jest za późno żeby zadzwonić do Toma.
9575380	Hepimiz korkmuştuk.	5437370	Wszyscy byliśmy przerażeni.
9575387	Hava soğumaya başladı	760312	Ochłodziło się.
1404933	Hava soğuyor.	760312	Ochłodziło się.
9575401	Bu benim cd'm değil mi?	2139067	To moja płyta, nie?
4860199	Ateşin mi var?	349230	Czy masz gorączkę?
9575415	Yarın doğum günüm ve 17 yaşını bitirmiş olacağım.	527347	Jutro będą moje urodziny i ukończę 17 lat.
9575420	Karısını mutlu etmeye çalıştı ama nafile.	5105414	Próbował uszczęśliwić żonę, ale na próżno.
9575427	Az önce kaza yaptım.	1191600	Właśnie miałem wypadek.
3625223	Tom bir ödlektir.	4736673	Tom jest tchórzem.
1280209	Biz her zaman arkadaş olacağız.	531649	Zawsze będziemy przyjaciółmi.
9575442	Öğretmenimiz bize zor sorular verdi.	516356	Nauczyciel da nam pewnie trudne zadania.
476306	Ben hastayım.	770457	Jestem chora.
9575715	Bu ülke kültürel açıdan gelişmiş	728711	Ten kraj rozwinął się kulturalnie.
4047509	Salata sevmiyorum.	4444737	Nie lubię sałatki.
8307456	Kediler dünyaya hakim.	9952244	Koty rządzą światem.
6908586	Tom başka bir kadınla görüşüyor, değil mi?	10091369	Tom spotyka się z inną kobietą, prawda?
5280680	Akşam yemeğin hazır olduğunda seni arayacağım.	10091372	Zawołam cię, kiedy obiad będzie gotowy.
2995144	Bundan çok daha fazlasını hak ediyorsun.	10091416	Zasługujesz na wiele więcej.
8230613	Lina, Ilokano dilini öğreniyordu.	10092064	Lina uczyła sie języka Ilokanu.
10092071	Bu fotoğraflarda geçen yazın anıları var.	10092070	Te zdjęcia zawierają wspomnienia z ostatniego lata.
10098411	Onunla aynı görüşü paylaşıyorum.	1603606	Podzielam jego zdanie.
4474229	Onun görüşüne katılıyorum.	1603606	Podzielam jego zdanie.
10274219	Her ne istiyorsan yiyebilirsin.	7710769	Możesz jeść wszystko co chcesz.
10471214	Niye yemiyorsun?	10471253	Dlaczego nie jesz?
2959710	Terörist değiliz.	10529880	Nie jesteśmy terrorystami.
10540540	Kabuki tiyatrosunu araştırıyorum.	525521	Badam teatr kabuki.
10540575	Polonyalı bilim insanları Afrika'da araştırmalar yürütüyor.	880238	Polscy naukowcy prowadzą badania w Afryce.
10540589	Polonyalı arkeologlar Afrika'da çalışmalar yürütüyor.	880239	Polscy archeolodzy prowadzą badania w Afryce.
10540601	Lütfen ben köpeği muayene ederken onu sakinleştirin.	590875	Proszę uspokoić psa, kiedy go będę badał.
4869215	At siyah renkli mi?	10548801	Czy ten koń jest czarny?
6824538	Maymunlar muzdan hoşlanır.	10696255	Małpy lubią banany.
1620353	Tren yolcularla doluydu.	10748849	W pociągu pełno było pasażerów.
10842031	Bizim kâğıdımız yok.	10843979	Nie mamy papieru.
10850028	Onlar çocuktur.	8541135	Oni są dziećmi.
10873740	Sen nerede yaşıyorsun?	353202	Gdzie mieszkasz?
10850491	Tüm belgeleri imzaladım.	10851583	Podpisałem wszystkie dokumenty.
10850491	Tüm belgeleri imzaladım.	10851584	Podpisałam wszystkie dokumenty.
10849993	Ailem şehirde yaşıyor.	10850021	Moja rodzina mieszka w mieście.
10850486	Satranç sever misin?	10850022	Lubisz szachy?
10850486	Satranç sever misin?	10850023	Czy lubisz szachy?
10852247	Domates yemeyi sevmem.	10852221	Nie lubię jeść pomidorów.
11102792	Çok paran yok.	11102793	Nie masz dużo pieniędzy.
11110839	Yeteneğim yok.	8718746	Nie mam talentu.
11141009	Otobüste cüzdanım çalındı.	11150434	Mój portfel został skradziony w autobusie.
11141006	Geleceğe hazırlanmamız gerek.	367005	Musimy przygotować się na przyszłość.
11141007	Artık paramız yok.	3817544	Nie mamy już pieniędzy.
11154725	Hangi gitar Tom'un?	11154901	Która gitara należy do Toma?
11150714	Ben Çinli değilim.	11154906	Nie jestem Chińczykiem.
11150714	Ben Çinli değilim.	11154907	Nie jestem Chinką.
11150703	Bu, Almanca yazdığım ilk mektup.	11154908	To pierwszy list, który napisałem po niemiecku.
11150694	Yanni konserdeydi.	11154909	Yanni był na koncercie.
11150700	Ne yemek istiyorsunuz?	7299884	Co chcesz zjeść?
11197953	Dünyanın en iyi judokası kimdir?	11198171	Kim jest najlepszy judoka na świecie?
11197953	Dünyanın en iyi judokası kimdir?	11198173	Kto jest najlepszym judoką na świecie?
1997078	Tom nerede?	6406246	Gdzie jest Tom?
11252705	Hep bu yoldan giderdik okula.	11252702	Chodziliśmy zawsze tędy do szkoły.
2467196	Tren istasyondan ayrılıyor.	11264419	Pociąg odjeżdża z dworca.
11383418	Yavaşlamak istersen, lütfen söyle.	11383417	Jeśli chcesz zwolnić, proszę powiedz mi.
11459487	Ukala insanlardan hoşlanmam.	11466848	Nie lubię ludzi zarozumiałych.
922657	Yetmişinde hâlâ aktif.	11467043	Mając siedemdziesiąt lat na karku nadal jest aktywny.
3215433	Asosyal olmak istemiyorum ama yoruldum.	11467046	Nie chcę wyjść na nietowarzyskiego, ale jestem zmęczony.
3381104	Bilimci araştırmaya devam etmekte ısrar etti.	11467067	Naukowiec nalegał, aby kontynuować badania.
1144567	O bir aktör.	8760726	On jest aktorem.
1624052	Ormanda yürüyüşe çıktık.	2246910	Poszliśmy na spacer do lasu.
1031492	Mutsuz geçmişini unutmaya çalışmalısın.	906108	Trzeba starać się zapomnieć nieszczęścia przeszłości.
11679597	Küçük erkek kardeşim on iki yaşında.	3616106	Mój młodszy brat ma dwanaście lat.
11682746	Buradan Tokyo'ya ne kadar var?	880406	Jak daleko jest stąd do Tokio?
11722295	Tom'un hiç yemeği yoktu.	8722941	Tom nie miał jedzenia.
5252447	O benim kuzenimdir.	3545416	On jest moim kuzynem.
12138046	Sağlıklı ol!	12135523	Bądź zdrowa!
4782050	Allah iyidir.	2186107	Bóg jest dobry.
12160833	Tanrı iyidir.	2186107	Bóg jest dobry.
2500828	Tom benim adım.	3996299	Tom to moje imię.
12193962	Çığ yolu kapadı.	12193959	Śnieżna lawina zablokowała drogę.
6163748	Yapılması gereken budur.	4795933	To trzeba było zrobić.
3660509	En yakın otobüs durağı nerede?	753782	Gdzie jest najbliższy przystanek autobusowy?
12402537	En yakın kütüphane nerede?	369074	Gdzie jest najbliższa biblioteka?
4246242	En yakın tuvalet nerede?	8176856	Gdzie jest najbliższa toaleta?
12399739	Yeni bir zaman makinesi satın almak istiyorum.	12403425	Chcę kupić nowy wehikuł czasu.
12406919	Örümceklerin kulakları yoktur.	12406977	Pająki nie mają uszu.
1475011	Vakit nakittir.	566158	Czas to pieniądz.
12418710	Çocuğun nerede?	8108728	Gdzie twoje dziecko?
12418710	Çocuğun nerede?	8108729	Gdzie jest twoje dziecko?
12418706	Odan nerede?	4716832	Gdzie jest twój pokój?
3442066	Ben Türküm.	4461638	Jestem Turczynką.
3442066	Ben Türküm.	4461639	Jestem Turkiem.
12419267	Fransızım.	405640	Jestem Francuzem.
12419267	Fransızım.	6320147	Jestem Francuzką.
5576074	Türküm.	4461638	Jestem Turczynką.
5576074	Türküm.	4461639	Jestem Turkiem.
12437808	Babamın adı Zana'dır.	12453335	Mój ojciec ma na imię Zana.
12471332	Her ülkenin kendi bayrağı vardır.	12471942	Każdy kraj ma swoją flagę.
